path,sourceWordPressId,sourceTitle,importStatus,userReviewStatus,metadataStatus,pageTypeSchemaStatus,relationshipStatus,designStatus,implementationStatus,templateFamily,pageType,schemaType,titleTag,metaDescription,primaryKeyword,secondaryKeywords,phraseHeadings,positioningFrame,copyAngle,examplesToInclude,languageToAvoid,primaryParent,relatedChildren,gutenbergBasicsPlan,userImplementationInstruction,dirtyNotes,proposedPageTitle,proposedTitleTag,serviceMenuRole,serviceMenuDepth,serviceMenuParent,serviceMenuLabel,serviceMenuChildren
/,4,"Mental Health Clinic in Louisville, KY",matched-public-and-lmhg,needs-homepage-title-decision,candidate-clean,candidate-mostly-clean,review-needed,requires-user-design-transplant-decision,not-approved-for-wordpress-write,home,Homepage,MedicalClinic,"Mental Health Clinic in Louisville, KY | LMHG","Louisville Mental Health Group is a mental health clinic in Louisville, KY offering therapy, counseling, case management, community support, and in-home care.",mental health clinic louisville ky,mental health services louisville ky; therapy louisville ky,"A local mental health practice in Louisville; Therapy, case management, and community support; Care in the office, at home, school, or community",Local practice / broad mental health services entity,"Use clinic language for entity/title alignment while keeping the page voice focused on a local practice with multiple care paths, not a hospital system.","Provider matching; therapy plus TCM/CSA; office, telehealth, home, school, community settings",hospital-style clinic; treatment facility; behavioral health programming; healing journey,,,"Core block homepage: hero Group with Heading/Paragraph/Buttons, process Columns/List, service-category card Grid, closing CTA Group. No imported Astro/Starwind code; translate desired sections into Gutenberg patterns one at a time.","Current sources identify homepage as Mental Health Clinic in Louisville, KY. User suspects Mental Health Services in Louisville, KY may belong to homepage; needs explicit homepage title decision later.",,,,,,,,
/adolescent-counseling/,6,"Teen Therapy in Louisville, KY",matched-public-and-lmhg,unreviewed,candidate-clean,candidate-mostly-clean,user-confirmed-service-menu,requires-user-design-transplant-decision,not-approved-for-wordpress-write,specialty,Audience/concern page,MedicalWebPage; FAQPage,"Teen Therapy and Adolescent Counseling in Louisville, KY | LMHG","Teen therapy in Louisville for mood changes, anxiety, trauma, school pressure, identity stress, family conflict, and social strain.",teen therapy louisville ky,adolescent counseling louisville ky; adolescent therapy louisville ky,"Support for teens and families; What teen therapy can help sort through; Privacy, parents, and practical next steps",Teen therapy,"Balance teen privacy with caregiver trust. Use normal language around school, friends, mood, identity, and family conflict.",School avoidance; shutdown; conflict at home; anxiety; trauma; parent questions about what therapists can share,adolescent population; presenting concerns; compliance,/child-counseling/,,"Specialty/service template: hero Group with optional aside, practical support sections, related services/specialties, FAQ, CTA. Start from Gutenberg core blocks and add custom block patterns only after approval.",,,,,specialty-child,2,/child-counseling/,Adolescent Counseling,
/adult-counseling/,7,"Adult Counseling in Louisville, KY",matched-public-and-lmhg,unreviewed,candidate-clean,candidate-mostly-clean,user-confirmed-service-menu,requires-user-design-transplant-decision,not-approved-for-wordpress-write,specialty,Service,MedicalWebPage; FAQPage,"Adult Counseling in Louisville, KY | LMHG","Adult counseling in Louisville for stress, anxiety, depression, grief, trauma, burnout, relationship strain, and major life transitions.",adult counseling louisville ky,adult therapy louisville ky; counseling for adults louisville ky,Support for adults who feel stuck or stretched thin; What adult counseling can look like; Starting without perfect words,Adult counseling service,Speak to working adults who need support but may not know whether therapy is the right fit.,Burnout; grief; parenting pressure; relationship stress; practical first appointment language,optimize functioning; maladaptive coping; treatment compliance,/individual-counseling/,,"Specialty/service template: hero Group with optional aside, practical support sections, related services/specialties, FAQ, CTA. Start from Gutenberg core blocks and add custom block patterns only after approval.",,,,,specialty-child,2,/individual-counseling/,Adult Counseling,
/anxiety-depression-therapy/,8,"Anxiety and Depression Therapy in Louisville, KY",matched-public-and-lmhg,unreviewed,candidate-clean,candidate-mostly-clean,user-confirmed-service-menu,requires-user-design-transplant-decision,not-approved-for-wordpress-write,specialty,Concern page,MedicalWebPage; FAQPage,"Anxiety and Depression Therapy in Louisville, KY | LMHG","Therapy for anxiety and depression in Louisville for worry, panic, low mood, burnout, irritability, avoidance, and emotional overwhelm.",anxiety and depression therapy louisville ky,anxiety therapy louisville ky; depression therapy louisville ky,When worry or low mood starts taking over; Anxiety and depression can show up together; Support beyond coping alone,Condition/concern therapy,Start with lived symptoms and daily-life impact. Avoid making the page read like a diagnostic checklist.,Sleep changes; avoidance; low motivation; irritability; work/school/family strain,major depressive disorder criteria; clinical presentation; pathology,/individual-counseling/,,"Specialty/service template: hero Group with optional aside, practical support sections, related services/specialties, FAQ, CTA. Start from Gutenberg core blocks and add custom block patterns only after approval.",,,,,specialty-child,2,/individual-counseling/,Anxiety and Depression Therapy,
/articles/,9,Mental Health Articles from Louisville Mental Health Group,matched-public-and-lmhg,unreviewed,candidate-clean,candidate-mostly-clean,review-needed,requires-user-design-transplant-decision,not-approved-for-wordpress-write,article,Article hub,Article,Mental Health Articles from Louisville Mental Health Group,"Mental health articles from LMHG about therapy, counseling, family support, care settings, case management, and practical next steps.",mental health articles louisville ky,therapy resources louisville ky; counseling articles louisville ky,"Plain-language mental health articles; Therapy, family support, and care settings; Practical answers before reaching out",Educational support,"Make the blog an educational support surface, not a keyword landfill.",Therapy expectations; family therapy comparisons; case management vs therapy; Medicaid questions,medical library tone; diagnosis articles as sales pages; national generic content,/,/articles/family-therapy-vs-individual-therapy/; /articles/guide-to-individual-therapy/; /articles/how-to-talk-to-your-loved-ones-about-going-to-therapy/; /articles/top-5-signs-its-time-to-seek-therapy/; /articles/what-to-expect-when-starting-therapy/,"Article planning surface: decide whether each article route stays a WordPress Page or becomes a Post before implementation; use clean headings, body copy, and optional FAQ only when visible.",,,,,,,,,
/articles/family-therapy-vs-individual-therapy/,10,Family Therapy vs. Individual Therapy | Which Fits?,matched-public-and-lmhg,unreviewed,candidate-clean,candidate-mostly-clean,review-needed,requires-user-design-transplant-decision,not-approved-for-wordpress-write,article,Article,Article,Family Therapy vs. Individual Therapy | Which Fits?,"Compare family therapy and individual therapy, including when concerns are personal, relational, child-focused, or connected to both.",family therapy vs individual therapy,family counseling vs individual counseling; individual therapy or family therapy,Start with where the problem shows up; When individual therapy fits; When family therapy fits,Comparison article,"Use conversational examples and a comparison table. Keep it educational, not promotional.",Internal symptoms; conflict between people; child/teen concerns; both may help,modality taxonomy; clinical decision tree tone; guaranteed recommendation,/articles/,,"Article planning surface: decide whether each article route stays a WordPress Page or becomes a Post before implementation; use clean headings, body copy, and optional FAQ only when visible.",,,,,,,,,
/articles/guide-to-individual-therapy/,11,Guide to Individual Therapy | What to Expect,matched-public-and-lmhg,unreviewed,candidate-clean,candidate-mostly-clean,review-needed,requires-user-design-transplant-decision,not-approved-for-wordpress-write,article,Article,Article,Guide to Individual Therapy | What to Expect,"A plain-language guide to individual therapy, one-on-one counseling, coping skills, provider fit, and choosing support that fits your needs.",guide to individual therapy,what is individual therapy; individual counseling guide,What individual therapy is; What usually happens in sessions; How to choose a good fit,Guide article,Use examples and calm first-person-adjacent language. Avoid textbook explanation.,First session; coping tools; stress/mood/trauma; provider fit; internal links,psychotherapy overview as encyclopedia; modality list without examples,/articles/,,"Article planning surface: decide whether each article route stays a WordPress Page or becomes a Post before implementation; use clean headings, body copy, and optional FAQ only when visible.",,,,,,,,,
/articles/how-to-talk-to-your-loved-ones-about-going-to-therapy/,12,How to Talk to Someone About Therapy,matched-public-and-lmhg,unreviewed,candidate-clean,candidate-mostly-clean,review-needed,requires-user-design-transplant-decision,not-approved-for-wordpress-write,article,Article,Article,How to Talk to Someone About Therapy | LMHG,"How to talk to someone about therapy with calm timing, clear language, boundaries, and support that does not feel pressured.",how to talk to someone about therapy,how to tell family you are going to therapy; talking about counseling,"Know why you are starting; Choose a calmer moment; Use direct, non-blaming language",Conversation guide,"Conversational, example-heavy, and emotionally practical.",Scripts to try; partner/parent/friend reactions; boundaries; what not to say,convince them; stigma lecture; overly clinical family psychoeducation,/articles/,,"Article planning surface: decide whether each article route stays a WordPress Page or becomes a Post before implementation; use clean headings, body copy, and optional FAQ only when visible.",,,,,,,,,
/articles/top-5-signs-its-time-to-seek-therapy/,13,When to Seek Therapy | 5 Signs Support May Help,matched-public-and-lmhg,unreviewed,candidate-clean,candidate-mostly-clean,review-needed,requires-user-design-transplant-decision,not-approved-for-wordpress-write,article,Article,Article,When to Seek Therapy | 5 Signs Support May Help,"Therapy may help when emotional strain, relationships, coping, daily functioning, or major life stress begins affecting how you live.",when to seek therapy,signs you need therapy; when to start counseling,You do not have to wait for a crisis; Daily life feels harder to maintain; A major change still affects you,Decision support article,Keep the list scannable and non-alarming. Mention case management when practical barriers are part of the picture.,Anxiety; sadness; relationship patterns; coping; daily functioning; trauma/change,red flag diagnosis; crisis-only framing; fear-based CTA,/articles/,,"Article planning surface: decide whether each article route stays a WordPress Page or becomes a Post before implementation; use clean headings, body copy, and optional FAQ only when visible.",,,,,,,,,
/articles/what-to-expect-when-starting-therapy/,14,What to Expect When Starting Therapy,matched-public-and-lmhg,unreviewed,candidate-clean,candidate-mostly-clean,review-needed,requires-user-design-transplant-decision,not-approved-for-wordpress-write,article,Article,Article,What to Expect When Starting Therapy | LMHG,A plain-language overview of what usually happens when someone reaches out for therapy or counseling for the first time.,what to expect when starting therapy,first therapy appointment; starting counseling,You do not need perfect words; What first contact usually covers; What happens after that,First-step article,"Reduce friction. Explain that LMHG can route to therapy, TCM, CSA, EMDR, family support, or care settings.",Phone/form; insurance; concerns; matching; service fit; first appointment expectations,intake process as bureaucracy; clinical assessment-heavy intro,/articles/,,"Article planning surface: decide whether each article route stays a WordPress Page or becomes a Post before implementation; use clean headings, body copy, and optional FAQ only when visible.",,,,,,,,,
/attachment-therapy/,15,"Attachment Therapy in Louisville, KY",matched-public-and-lmhg,unreviewed,candidate-clean,candidate-mostly-clean,user-confirmed-service-menu,requires-user-design-transplant-decision,not-approved-for-wordpress-write,specialty,Service,MedicalWebPage; FAQPage,"Attachment Therapy in Louisville, KY | LMHG","Attachment therapy in Louisville for families working on trust, caregiver connection, emotional safety, relationship repair, and steadier routines.",attachment therapy louisville ky,attachment based therapy louisville ky; parent child therapy louisville ky,Rebuilding trust and connection; Attachment work in everyday family life; Repair takes structure and patience,Family/attachment support,"Use grounded examples of connection, repair, and caregiver-child patterns. Avoid sounding like a textbook on attachment theory.",Caregiver repair; child trust; trauma history; routines; emotional safety; family therapy connection,attachment pathology; dysregulated attachment presentation; corrective emotional experience,/family-therapy/,,"Specialty/service template: hero Group with optional aside, practical support sections, related services/specialties, FAQ, CTA. Start from Gutenberg core blocks and add custom block patterns only after approval.",,,,,specialty-child,2,/family-therapy/,Attachment Therapy,
/bullitt-county-ky/,16,"Mental Health Services in Bullitt County, KY",matched-public-and-lmhg,unreviewed,candidate-clean,candidate-mostly-clean,review-needed,requires-user-design-transplant-decision,not-approved-for-wordpress-write,location-access,Service area,MedicalWebPage,"Mental Health Services in Bullitt County, KY | LMHG","Mental health services for Bullitt County clients through LMHG counseling, therapy, telehealth, case management, and selected community-based care.",mental health services bullitt county ky,therapy bullitt county ky; counseling bullitt county ky,"Support for Bullitt County clients; Louisville-based practice, flexible care options; Therapy and case management when appropriate",County service area,"Be clear about service coverage, not a fake office.",Travel/telehealth considerations; community support when appropriate; Louisville office,Bullitt County office; near every neighborhood; copied city text,/locations/,,"Location/access template: one-office/multiple-setting language, setting facts, service links, conservative local SEO copy, CTA. Avoid doorway-page patterns.",,,,,,,,,
/careers/,17,"Mental Health Careers in Louisville, KY",matched-public-and-lmhg,unreviewed,candidate-clean,candidate-mostly-clean,review-needed,requires-user-design-transplant-decision,not-approved-for-wordpress-write,trust,Careers page,MedicalWebPage,"Mental Health Careers in Louisville, KY | LMHG","Mental health careers in Louisville at LMHG for therapists, counselors, case managers, community support staff, and care team roles.",mental health careers louisville ky,therapy jobs louisville ky; case management jobs louisville ky,"Join a multidisciplinary care team; Therapy, case management, and community support roles; Work that is local and practical",Recruiting,Separate recruiting from client care. This can sound professional but still human.,Therapists; TCM; CSA; multidisciplinary team; Louisville practice; apply process,family culture cliche; rockstar clinician; client-facing CTA language,/,,"Trust/support template: warm but factual page structure for team, contact, insurance, reviews, careers. Contact/insurance/cost language must stay consistent.",,,,,,,,,
/case-management/,18,"Targeted Case Management in Louisville, KY",matched-public-and-lmhg,unreviewed,candidate-clean,candidate-mostly-clean,user-confirmed-service-menu,requires-user-design-transplant-decision,not-approved-for-wordpress-write,specialty,Community-service page,MedicalWebPage; FAQPage,"Targeted Case Management in Louisville, KY | LMHG","Targeted case management in Louisville for Medicaid clients who need care coordination, referrals, resources, appointments, paperwork, and follow-through.",targeted case management louisville ky,mental health case management louisville ky; medicaid case management louisville ky,Help connecting the pieces of care; What targeted case management can support; Care coordination for practical barriers,Targeted case management,"Define TCM plainly. Make it sound useful and relational, not bureaucratic.",Scheduling; referrals; benefits/resources; school communication; transportation barriers; care plan follow-through,case management utilization; eligible population services; beneficiary compliance,/community-based-services/,,"Specialty/service template: hero Group with optional aside, practical support sections, related services/specialties, FAQ, CTA. Start from Gutenberg core blocks and add custom block patterns only after approval.",,,,,specialty-child,2,/community-based-services/,Case Management,
/child-behavioral-intervention/,19,"Child Behavioral Therapy in Louisville, KY",matched-public-and-lmhg,unreviewed,candidate-clean,candidate-mostly-clean,user-confirmed-service-menu,requires-user-design-transplant-decision,not-approved-for-wordpress-write,specialty,Service,MedicalWebPage; FAQPage,"Child Behavioral Therapy in Louisville, KY | LMHG","Child behavioral therapy in Louisville for emotional outbursts, behavior concerns, school stress, routines, caregiver support, and regulation skills.",child behavioral therapy louisville ky,child behavioral intervention louisville ky; child behavior therapist louisville ky,When behavior is communication; Support for home and school patterns; Helping caregivers respond more steadily,Child behavior support,"Frame behavior as a signal, not a character flaw. Keep parent examples concrete.",Outbursts; transitions; school calls; routines; parent coaching; coordination with family therapy,problem child; defiance; behavior modification program,/child-counseling/,,"Specialty/service template: hero Group with optional aside, practical support sections, related services/specialties, FAQ, CTA. Start from Gutenberg core blocks and add custom block patterns only after approval.",,,,,specialty-child,2,/child-counseling/,Child Behavioral Intervention,
/child-counseling/,20,"Child Counseling in Louisville, KY",matched-public-and-lmhg,reviewed-with-revision,revise-title,candidate-mostly-clean,user-confirmed-service-menu,requires-user-design-transplant-decision,not-approved-for-wordpress-write,service,Broad service category,MedicalWebPage; FAQPage,"Child Counseling and Therapy in Louisville, KY | LMHG","Child counseling in Louisville for behavior concerns, emotional regulation, trauma, school stress, anxiety, and practical caregiver support.",child counseling louisville ky,child therapy louisville ky; child therapist louisville ky,Support for children and caregivers; When child counseling may help; Therapy that includes the family context,Child therapy/counseling,Use parent-facing plain language. Explain what parents may see at home or school and how care may include caregivers.,Meltdowns; school stress; sleep/routines; trauma; parent involvement; play therapy when offered,pediatric behavioral health intervention; noncompliance; pathology,/services/,/adolescent-counseling/; /play-therapy/; /child-behavioral-intervention/,"Broad service template: hero Group, service-routing card Grid, explanatory sections, related services, FAQ section, CTA. Use core Group/Columns/List/Buttons/Details where possible.",Rename Child Counseling core service page label/title to Child Therapy. Preserve slug/path pending explicit routing decision. User confirmed visible/core-service label should be Child Therapy; services menu relationship uses this corrected label while preserving /child-counseling/ slug until routing is approved.,Source title says Child Counseling; user wants Child Therapy for core service page naming.,"Child Therapy in Louisville, KY","Child Therapy in Louisville, KY | LMHG",core-service,1,,Child Therapy,/adolescent-counseling/; /play-therapy/; /child-behavioral-intervention/
/co-parenting/,21,"Co-Parenting Services in Louisville, KY",matched-public-and-lmhg,unreviewed,candidate-clean,candidate-mostly-clean,user-confirmed-service-menu,requires-user-design-transplant-decision,not-approved-for-wordpress-write,specialty,Court-service page,MedicalWebPage; FAQPage,"Co-Parenting Services in Louisville, KY | LMHG","Co-parenting services in Louisville for child-focused communication, parenting structure, coordination, boundaries, and steadier family transitions.",co parenting services louisville ky,coparenting services louisville ky; co parenting counseling louisville ky,Child-focused co-parenting support; Communication that reduces pressure on children; Structure after separation or conflict,Co-parenting support,Keep the child-centered frame. Avoid taking sides or sounding like legal advocacy.,Shared routines; communication rules; transition planning; conflict reduction; documentation boundaries,win custody; high-conflict labels without context; blame one parent,/court-ordered/,,"Specialty/service template: hero Group with optional aside, practical support sections, related services/specialties, FAQ, CTA. Start from Gutenberg core blocks and add custom block patterns only after approval.",,,,,specialty-child,2,/court-ordered/,Co-Parenting,
/community-based-services/,22,"Community-Based Mental Health Services in Louisville, KY",matched-public-and-lmhg,unreviewed,candidate-clean,candidate-mostly-clean,user-confirmed-service-menu,requires-user-design-transplant-decision,not-approved-for-wordpress-write,service,Broad service category,MedicalWebPage; FAQPage,"Community-Based Mental Health Services in Louisville, KY | LMHG","Community-based mental health services in Louisville including targeted case management, community support, in-home help, resources, and follow-through.",community based mental health services louisville ky,targeted case management louisville ky; community support services louisville ky,Support beyond the therapy room; Targeted case management and community support; Help with real-life barriers to care,Wraparound mental health services,This is the key differentiator page. Explain TCM/CSA in human language and connect it to therapy without making it sound institutional.,Appointments; resources; routines; school/home/community settings; Medicaid access; coordination,wraparound programming; continuum of care; behavioral health agency language,/services/,/case-management/; /community-support/,"Broad service template: hero Group, service-routing card Grid, explanatory sections, related services, FAQ section, CTA. Use core Group/Columns/List/Buttons/Details where possible.",,,,,core-service,1,,Community Based Services,/case-management/; /community-support/
/community-support/,23,"Community Support Services in Louisville, KY",matched-public-and-lmhg,unreviewed,candidate-clean,candidate-mostly-clean,user-confirmed-service-menu,requires-user-design-transplant-decision,not-approved-for-wordpress-write,specialty,Community-service page,MedicalWebPage; FAQPage,"Community Support Services in Louisville, KY | LMHG","Community support services in Louisville for skill-building, routines, resource connection, daily-life stability, care coordination, and follow-through.",community support services louisville ky,community support associate louisville ky; medicaid community support louisville ky,"Support where daily life happens; Skills, routines, and follow-through; Community support alongside therapy or case management",Community support / CSA,Explain CSA/community support through examples of day-to-day help. Avoid agency jargon.,Routines; appointments; coping skills practice; community resources; school/home needs; Medicaid support,rehabilitative service delivery; psychosocial rehab terminology without explanation; community programming,/community-based-services/,,"Specialty/service template: hero Group with optional aside, practical support sections, related services/specialties, FAQ, CTA. Start from Gutenberg core blocks and add custom block patterns only after approval.",,,,,specialty-child,2,/community-based-services/,Community Support,
/compliance/,24,"Mental Health Compliance in Louisville, KY",matched-public-and-lmhg,unreviewed,candidate-clean,candidate-mostly-clean,review-needed,requires-user-design-transplant-decision,not-approved-for-wordpress-write,legal-utility,Utility/compliance,MedicalWebPage,"Mental Health Compliance in Louisville, KY | LMHG","Mental health compliance in Louisville, KY at LMHG includes privacy, licensing, ethics, billing, records, and contact questions.",mental health compliance louisville ky,hipaa mental health louisville ky; lmhg compliance,Compliance and privacy information; Licensing and ethical practice; Questions about records or privacy,Compliance and privacy,Keep sober and clear. This page may be more formal than service copy.,Privacy; licensing; ethics; billing; contact process,warm marketing intro; legal overreach; HIPAA claims without review,/faq/,,"Legal/utility template: prose-first, protected copy, minimal CTA pressure, no AI rewriting of legal meaning without explicit review.",,,,,,,,,
/contact-us/,25,Contact Louisville Mental Health Group,matched-public-and-lmhg,unreviewed,candidate-clean,candidate-mostly-clean,review-needed,requires-user-design-transplant-decision,not-approved-for-wordpress-write,trust,Contact page,ContactPage,Contact Louisville Mental Health Group | LMHG,"Contact Louisville Mental Health Group about therapy, counseling, case management, community support, insurance, care settings, or starting care.",contact louisville mental health group,start therapy louisville ky; mental health appointment louisville ky,"Start with a simple request; What to include when you reach out; Phone, form, and next-step routing",Conversion / next step,Make this friction-reducing. The visitor should know they do not need to choose the perfect service first.,Phone/form; insurance; age/client concern; setting needs; matching process; response expectations,schedule treatment immediately; submit clinical referral packet; intake bureaucracy,/,,"Trust/support template: warm but factual page structure for team, contact, insurance, reviews, careers. Contact/insurance/cost language must stay consistent.",,,,,,,,,
/couples-conflict-resolution/,26,"Couples Conflict Resolution in Louisville, KY",matched-public-and-lmhg,unreviewed,candidate-clean,candidate-mostly-clean,user-confirmed-service-menu,requires-user-design-transplant-decision,not-approved-for-wordpress-write,specialty,Concern page,MedicalWebPage; FAQPage,"Couples Conflict Resolution in Louisville, KY | LMHG","Couples conflict resolution in Louisville for recurring arguments, escalation, shutdown, repair, communication patterns, and steadier next steps.",couples conflict resolution louisville ky,couples conflict therapy louisville ky; communication counseling for couples louisville ky,When arguments follow the same script; Slowing escalation and shutdown; Repair after conflict,Couples conflict support,Use concrete conflict patterns. Avoid promising relationship outcomes.,Arguments about parenting; silent treatment; defensiveness; repair conversations; when couples counseling fits,fix your relationship fast; conflict elimination; blame framing,/couples-counseling/,,"Specialty/service template: hero Group with optional aside, practical support sections, related services/specialties, FAQ, CTA. Start from Gutenberg core blocks and add custom block patterns only after approval.",,,,,specialty-child,2,/couples-counseling/,Couples Conflict Resolution,
/couples-counseling/,27,"Couples Counseling in Louisville, KY",matched-public-and-lmhg,unreviewed,candidate-clean,candidate-mostly-clean,user-confirmed-service-menu,requires-user-design-transplant-decision,not-approved-for-wordpress-write,service,Broad service category,MedicalWebPage; FAQPage,"Couples Counseling in Louisville, KY | LMHG","Couples counseling in Louisville for communication, recurring conflict, emotional distance, trust repair, decision-making, and relationship stress.",couples counseling louisville ky,couples therapy louisville ky; marriage counseling louisville ky,"When the same conflict keeps repeating; Communication, repair, and trust; Counseling for couples who need a steadier conversation",Couples therapy/counseling,"Use search terms like marriage counseling carefully as secondary language, while keeping public copy inclusive and relationship-focused.",Escalation; shutdown; emotional distance; trust; parenting conflict; repair attempts,marital pathology; relational dysfunction; save your marriage guaranteed,/services/,/couples-conflict-resolution/; /relationship-counseling/,"Broad service template: hero Group, service-routing card Grid, explanatory sections, related services, FAQ section, CTA. Use core Group/Columns/List/Buttons/Details where possible.",,,,,core-service,1,,Couples Counseling,/couples-conflict-resolution/; /relationship-counseling/
/court-ordered/,28,"Court-Ordered Services in Louisville, KY",matched-public-and-lmhg,unreviewed,candidate-clean,candidate-mostly-clean,user-confirmed-service-menu,requires-user-design-transplant-decision,not-approved-for-wordpress-write,service,Broad service category,MedicalWebPage; FAQPage,"Court-Ordered Family Services in Louisville, KY | LMHG","Court-ordered services in Louisville for family reunification, co-parenting support, documentation questions, family stability, and practical next steps.",court ordered services louisville ky,family court services louisville ky; court ordered counseling louisville ky,Support when family care intersects with court expectations; Clear roles and documentation; Services focused on family stability,Court-involved family support,Be precise and calm. Avoid legal advice. Explain role boundaries and what clients can ask about.,Co-parenting; reunification; documentation; court expectations; family stability; referral questions,legal strategy; custody advice; guaranteed court outcome,/services/,/co-parenting/; /family-reunification/,"Broad service template: hero Group, service-routing card Grid, explanatory sections, related services, FAQ section, CTA. Use core Group/Columns/List/Buttons/Details where possible.",,,,,core-service,1,,Court Ordered Services,/co-parenting/; /family-reunification/
/emdr-therapy/,29,"EMDR Therapy in Louisville, KY",matched-public-and-lmhg,unreviewed,candidate-clean,candidate-mostly-clean,user-confirmed-service-menu,requires-user-design-transplant-decision,not-approved-for-wordpress-write,specialty,Specialty/modality,MedicalWebPage; FAQPage,"EMDR Therapy in Louisville, KY | LMHG","EMDR therapy in Louisville for trauma, PTSD symptoms, anxiety, distressing memories, triggers, and experiences that still affect daily life.",emdr therapy louisville ky,emdr for trauma louisville ky; ptsd therapist louisville ky,When past experiences still feel active; How EMDR may support trauma work; EMDR as one possible therapy path,EMDR / trauma specialty,Explain without overpromising. Avoid technical EMDR detail unless needed.,Triggers; distressing memories; anxiety after trauma; how to ask if EMDR is a fit,reprocess trauma guaranteed; evidence-based buzzword stuffing; bilateral stimulation details as hero copy,/trauma-therapy/,,"Specialty/service template: hero Group with optional aside, practical support sections, related services/specialties, FAQ, CTA. Start from Gutenberg core blocks and add custom block patterns only after approval.",,,,,specialty-child,2,/trauma-therapy/,EMDR Therapy,
/family-reunification/,30,"Family Reunification Services in Louisville, KY",matched-public-and-lmhg,unreviewed,candidate-clean,candidate-mostly-clean,user-confirmed-service-menu,requires-user-design-transplant-decision,not-approved-for-wordpress-write,specialty,Court-service page,MedicalWebPage; FAQPage,"Family Reunification Services in Louisville, KY | LMHG","Family reunification services in Louisville for restoring contact, rebuilding trust, supporting communication, and working toward safer family connection.",family reunification services louisville ky,reunification therapy louisville ky; family reunification counseling louisville ky,"Rebuilding contact with structure; Trust, safety, and communication; What reunification support can and cannot do",Reunification support,"Use careful court-adjacent language. Emphasize structure, pacing, safety, and role clarity.",Parent-child contact; trust repair; communication practice; court-related referrals; gradual steps,guaranteed reunification; custody fix; alienation claims as default,/court-ordered/,,"Specialty/service template: hero Group with optional aside, practical support sections, related services/specialties, FAQ, CTA. Start from Gutenberg core blocks and add custom block patterns only after approval.",,,,,specialty-child,2,/court-ordered/,Family Reunification,
/family-therapy/,31,"Family Therapy in Louisville, KY",matched-public-and-lmhg,unreviewed,candidate-clean,candidate-mostly-clean,user-confirmed-service-menu,requires-user-design-transplant-decision,not-approved-for-wordpress-write,service,Broad service category,MedicalWebPage; FAQPage,"Family Therapy in Louisville, KY | LMHG","Family therapy in Louisville for communication, parenting stress, conflict, attachment concerns, routines, trust, and major family transitions.",family therapy louisville ky,family counseling louisville ky; family therapist louisville ky,When the pattern is between people; Support for communication and routines; Family therapy without blame,Family therapy,"Make the family system idea understandable without jargon. Emphasize repair, patterns, and practical home changes.",Repeated arguments; parent-child strain; transitions; reunification stress; caregiver burnout,family system dysfunction; identified patient; clinical family intervention,/services/,/attachment-therapy/; /parenting-support/,"Broad service template: hero Group, service-routing card Grid, explanatory sections, related services, FAQ section, CTA. Use core Group/Columns/List/Buttons/Details where possible.",,,,,core-service,1,,Family Therapy,/attachment-therapy/; /parenting-support/
/faq/,32,"Mental Health Services FAQ in Louisville, KY",matched-public-and-lmhg,unreviewed,candidate-clean,candidate-mostly-clean,review-needed,requires-user-design-transplant-decision,not-approved-for-wordpress-write,faq,FAQ hub,MedicalWebPage,"Mental Health Services FAQ in Louisville, KY | LMHG","Mental health services FAQ in Louisville, KY covering insurance, scheduling, therapy, case management, community support, privacy, and starting care.",mental health services faq louisville ky,therapy faq louisville ky; mental health intake louisville ky,"Questions before starting care; Services, insurance, and care settings; How LMHG helps route requests",Support and objections,Answer practical questions plainly. Avoid turning FAQ into a glossary.,Insurance; Medicaid; first contact; care settings; confidentiality; child therapy questions,policy manual tone; administrative jargon; legalese except where needed,/,/faq/about-lmhg/; /faq/our-approach/; /faq/cost/,FAQ template: question groups using accessible heading structure and Details/Accordion-style blocks if approved; FAQ schema only when visible Q&A content exists.,,,,,,,,,
/faq/about-lmhg/,33,About Louisville Mental Health Group | Therapy and Support,matched-public-and-lmhg,unreviewed,candidate-clean,candidate-mostly-clean,review-needed,requires-user-design-transplant-decision,not-approved-for-wordpress-write,faq,FAQ/support,AboutPage; FAQPage,About Louisville Mental Health Group | Therapy and Support,"Learn about Louisville Mental Health Group, a local practice offering therapy, counseling, targeted case management, and community support.",about louisville mental health group,mental health group louisville ky; louisville mental health services,What kind of practice LMHG is; Not a hospital system or solo therapy office; A team that can route care,About / entity explanation,This is the best place to explain the category nuance directly.,Private practice; multiple providers; therapy + TCM/CSA; not hospital; not national carrier,clinic system; agency program; generic about us mission copy,/faq/,,FAQ template: question groups using accessible heading structure and Details/Accordion-style blocks if approved; FAQ schema only when visible Q&A content exists.,,,,,,,,,
/faq/cost/,34,"Therapy Cost in Louisville, KY",matched-public-and-lmhg,unreviewed,candidate-clean,candidate-mostly-clean,review-needed,requires-user-design-transplant-decision,not-approved-for-wordpress-write,faq,FAQ/support,MedicalWebPage; FAQPage,"Therapy Cost in Louisville, KY | LMHG","Answers about therapy cost in Louisville, KY, Medicaid, commercial insurance, private pay, coverage checks, and cost questions for LMHG mental health services.",therapy cost louisville ky,medicaid therapy louisville ky; therapy insurance louisville ky,Cost questions before starting; Medicaid and insurance checks; What can affect cost or coverage,Cost / insurance questions,"Plain, careful, and non-promissory. Encourage verification.",Coverage check; Medicaid; commercial insurance; private pay; service-specific benefits,guaranteed coverage; payer authorization jargon; quote language,/faq/,,FAQ template: question groups using accessible heading structure and Details/Accordion-style blocks if approved; FAQ schema only when visible Q&A content exists.,,,,,,,,,
/faq/our-approach/,35,Louisville Mental Health Group Approach,matched-public-and-lmhg,unreviewed,candidate-clean,candidate-mostly-clean,review-needed,requires-user-design-transplant-decision,not-approved-for-wordpress-write,faq,FAQ/support,MedicalWebPage; FAQPage,Louisville Mental Health Group Approach | LMHG,"The Louisville Mental Health Group approach helps clients find a practical starting point for therapy, case management, community support, and care settings.",louisville mental health group approach,team based mental health care louisville ky; practical mental health support louisville ky,Start with what is happening now; Provider fit and care setting fit; Practical support without pressure,Approach / care philosophy,"Describe approach as practical matching and connected support, not a proprietary treatment model.",First request; matching; therapy plus support; care settings; family context,proprietary model; holistic healing journey; hospital care pathway,/faq/,,FAQ template: question groups using accessible heading structure and Details/Accordion-style blocks if approved; FAQ schema only when visible Q&A content exists.,,,,,,,,,
/group-therapy/,36,"Group Therapy in Louisville, KY",matched-public-and-lmhg,unreviewed,candidate-clean,candidate-mostly-clean,user-confirmed-service-menu,requires-user-design-transplant-decision,not-approved-for-wordpress-write,service,Broad service category,MedicalWebPage; FAQPage,"Group Therapy in Louisville, KY | LMHG","Group therapy in Louisville for structured support, guided discussion, shared learning, skill practice, connection, and steady next steps.",group therapy louisville ky,group counseling louisville ky; therapy groups louisville ky,Structured support with others; What group therapy can offer; Skills and connection in a guided setting,Group therapy,"Use simple expectations: guided, structured, not just open sharing.",Skill practice; peer connection; guided discussion; when group is not the best fit,group modality; psychoeducation curriculum; process group jargon,/services/,,"Broad service template: hero Group, service-routing card Grid, explanatory sections, related services, FAQ section, CTA. Use core Group/Columns/List/Buttons/Details where possible.",,,,,core-service,1,,Group Therapy,
/individual-counseling/,37,"Individual Therapy in Louisville, KY",matched-public-and-lmhg,unreviewed,candidate-clean,candidate-mostly-clean,user-confirmed-service-menu,requires-user-design-transplant-decision,not-approved-for-wordpress-write,service,Broad service category,MedicalWebPage; FAQPage,"Individual Therapy and Counseling in Louisville, KY | LMHG","Individual therapy and counseling in Louisville for anxiety, depression, trauma, stress, grief, relationship strain, and life transitions.",individual therapy louisville ky,individual counseling louisville ky; adult therapy louisville ky,One-on-one support for what is happening now; When individual therapy may help; Therapy that can connect with other support,Therapy/counseling entry,"Use therapy language for search, but write conversationally about stress, mood, relationships, and next steps.",Adult stress; anxiety/depression; trauma; provider fit; referral to case management if barriers show up,patient presents with; symptomology; treatment protocol,/services/,/adult-counseling/; /anxiety-depression-therapy/,"Broad service template: hero Group, service-routing card Grid, explanatory sections, related services, FAQ section, CTA. Use core Group/Columns/List/Buttons/Details where possible.",,,,,core-service,1,,Individual Counseling,/adult-counseling/; /anxiety-depression-therapy/
/insurance/,38,"Medicaid Mental Health Services in Louisville, KY",matched-public-and-lmhg,unreviewed,candidate-clean,candidate-mostly-clean,review-needed,requires-user-design-transplant-decision,not-approved-for-wordpress-write,trust,Access/support page,MedicalWebPage,"Medicaid Mental Health Services in Louisville, KY | LMHG","Medicaid mental health services in Louisville, KY may include therapy, counseling, case management, community support, and coverage checks at LMHG.",medicaid mental health services louisville ky,medicaid counseling louisville ky; therapy insurance louisville ky,"Medicaid, commercial insurance, and private pay; Coverage questions before care starts; Insurance for therapy and support services",Insurance / Medicaid access,"Use access language, not billing jargon. Be clear that coverage needs verification.",Medicaid; commercial plans; private pay; coverage check; services may differ by benefit,payer mix; reimbursement; eligibility determination as promise,/,,"Trust/support template: warm but factual page structure for team, contact, insurance, reviews, careers. Contact/insurance/cost language must stay consistent.",,,,,,,,,
/jefferson-county-ky/,39,"Mental Health Services in Jefferson County, KY",matched-public-and-lmhg,unreviewed,candidate-clean,candidate-mostly-clean,review-needed,requires-user-design-transplant-decision,not-approved-for-wordpress-write,location-access,Service area,MedicalWebPage,"Mental Health Services in Jefferson County, KY | LMHG","Mental health services in Jefferson County through LMHG therapy, counseling, case management, community support, telehealth, and in-home options.",mental health services jefferson county ky,therapy jefferson county ky; counseling jefferson county ky,Serving Jefferson County from Louisville; Therapy and practical support; Care settings that fit the situation,County service area,Avoid doorway copy. Explain actual service relationship to Louisville office and care settings.,Louisville office; nearby neighborhoods; telehealth; in-home/community support; insurance,Jefferson County clinic location; boilerplate local SEO,/locations/,,"Location/access template: one-office/multiple-setting language, setting facts, service links, conservative local SEO copy, CTA. Avoid doorway-page patterns.",,,,,,,,,
/locations/,40,"Mental Health Services Near Louisville, KY",matched-public-and-lmhg,unreviewed,candidate-clean,candidate-mostly-clean,review-needed,requires-user-design-transplant-decision,not-approved-for-wordpress-write,location-access,Locations hub,MedicalWebPage,"Mental Health Services Near Louisville, KY | LMHG","Mental health services near Louisville, KY are available through one office, telehealth, in-home care, school care, community care, and nearby service areas.",mental health services near louisville ky,louisville mental health practice; therapy near louisville ky,"One Louisville office, several care settings; In person, online, at home, school, or community; Service areas without fake offices",Care settings / local access,Be transparent: one office plus multiple service settings. Do not imply multiple physical locations.,Bardstown Road office; telehealth; in-home; school; community; county pages,locations near you everywhere; clinic network; branch offices,/,/locations/community/; /locations/in-home/; /locations/in-person/; /locations/online/; /locations/school/; /bullitt-county-ky/; /jefferson-county-ky/; /louisville-ky/; /oldham-county-ky/,"Location/access template: one-office/multiple-setting language, setting facts, service links, conservative local SEO copy, CTA. Avoid doorway-page patterns.",,,,,,,,,
/locations/community/,41,"Community-Based Mental Health Care in Louisville, KY",matched-public-and-lmhg,unreviewed,candidate-clean,candidate-mostly-clean,review-needed,requires-user-design-transplant-decision,not-approved-for-wordpress-write,location-access,Care setting,MedicalWebPage,"Community-Based Mental Health Care in Louisville, KY | LMHG","Community-based mental health care in Louisville for resources, care coordination, daily-life barriers, skill-building, and support outside the office.",community based mental health care louisville ky,community mental health support louisville ky; case management louisville ky,Care outside the office when life is the barrier; Community support and care coordination; Practical help alongside therapy,Community-based care,Use this page to bridge the warm brand with social-service keywords.,Appointments; school/community needs; resources; daily skills; Medicaid; TCM/CSA,community behavioral health program; service utilization; agency case flow,/locations/,,"Location/access template: one-office/multiple-setting language, setting facts, service links, conservative local SEO copy, CTA. Avoid doorway-page patterns.",,,,,,,,,
/locations/in-home/,42,"In-Home Mental Health Services in Louisville, KY",matched-public-and-lmhg,unreviewed,candidate-clean,candidate-mostly-clean,review-needed,requires-user-design-transplant-decision,not-approved-for-wordpress-write,location-access,Care setting,MedicalWebPage,"In-Home Mental Health Services in Louisville, KY | LMHG","In-home mental health services in Louisville for clients and families who need support tied to routines, access, family context, or daily life.",in home mental health services louisville ky,home based mental health services louisville ky; in home therapy louisville ky,Support connected to daily life; In-home services when appropriate; Home-based care without losing clinical focus,In-home care,Tie to practical barriers and family routines. Avoid making it sound like convenience medicine.,Home routines; child/family support; access barriers; TCM/CSA; therapy-in-your-home link,house call therapy as luxury; in-home program enrollment; facility-style eligibility language,/locations/,,"Location/access template: one-office/multiple-setting language, setting facts, service links, conservative local SEO copy, CTA. Avoid doorway-page patterns.",,,,,,,,,
/locations/in-person/,43,"In-Person Counseling in Louisville, KY",matched-public-and-lmhg,unreviewed,candidate-clean,candidate-mostly-clean,review-needed,requires-user-design-transplant-decision,not-approved-for-wordpress-write,location-access,Care setting,MedicalWebPage,"In-Person Counseling in Louisville, KY | LMHG","In-person counseling in Louisville at LMHG for clients who prefer office-based therapy, provider fit, privacy, and a clear place to start.",in person counseling louisville ky,in office therapy louisville ky; louisville counseling office,Office-based care in Louisville; When in-person therapy may fit; Starting at the Bardstown Road office,Office-based care,Make the office setting concrete and calm. Avoid over-medical facility language.,First appointment; privacy; provider matching; office location; therapy/counseling fit,clinic appointment; outpatient facility; medical office workflow,/locations/,,"Location/access template: one-office/multiple-setting language, setting facts, service links, conservative local SEO copy, CTA. Avoid doorway-page patterns.",,,,,,,,,
/locations/online/,44,Online Therapy in Kentucky,matched-public-and-lmhg,unreviewed,candidate-clean,candidate-mostly-clean,review-needed,requires-user-design-transplant-decision,not-approved-for-wordpress-write,location-access,Care setting,MedicalWebPage,Online Therapy in Kentucky | LMHG,"Online therapy in Kentucky for clients who need telehealth counseling, scheduling flexibility, reduced travel, or distance-friendly mental health care.",online therapy kentucky,telehealth counseling kentucky; online counseling louisville ky,Telehealth when it fits the care plan; Online counseling from a Kentucky practice; When online therapy may or may not work,Telehealth,"Keep telehealth practical, not remote-only. Mention fit and limits.",Scheduling; transportation; rural distance; privacy at home; when in-person may be better,virtual care platform; telebehavioral health service line; remote-only brand language,/locations/,,"Location/access template: one-office/multiple-setting language, setting facts, service links, conservative local SEO copy, CTA. Avoid doorway-page patterns.",,,,,,,,,
/locations/school/,45,"School-Based Mental Health Support in Louisville, KY",matched-public-and-lmhg,unreviewed,candidate-clean,candidate-mostly-clean,review-needed,requires-user-design-transplant-decision,not-approved-for-wordpress-write,location-access,Care setting,MedicalWebPage,"School-Based Mental Health Support in Louisville, KY | LMHG","School-based mental health support in Louisville for child and family concerns tied to behavior, stress, routines, caregivers, and coordination.",school based mental health support louisville ky,school counseling support louisville ky; child therapy school stress louisville ky,When school is part of the concern; Support connecting caregivers and school stress; Child and family care with practical coordination,School-connected support,Avoid implying LMHG replaces school counseling. Position as care that can coordinate around school-related concerns.,School avoidance; behavior calls; anxiety; caregiver-school communication; child counseling links,school mental health program; educational intervention plan; replace school counselor,/locations/,,"Location/access template: one-office/multiple-setting language, setting facts, service links, conservative local SEO copy, CTA. Avoid doorway-page patterns.",,,,,,,,,
/louisville-ky/,46,Louisville Mental Health Services and Counseling,matched-public-and-lmhg,unreviewed,candidate-clean,candidate-mostly-clean,review-needed,requires-user-design-transplant-decision,not-approved-for-wordpress-write,location-access,Service area,MedicalWebPage,Louisville Mental Health Services and Counseling | LMHG,"Louisville mental health services from a private practice offering counseling, therapy, case management, community support, and flexible care settings.",louisville mental health services,counseling louisville ky; therapy louisville ky,"A local Louisville practice; Counseling, therapy, and practical support; One office with flexible care settings",Local practice / service area,Use this as the local entity page. Distinguish real office from service settings.,Bardstown Road; Louisville families; office/telehealth/home/community; service mix,multiple Louisville clinics; hospital campus; generic city doorway copy,/locations/,,"Location/access template: one-office/multiple-setting language, setting facts, service links, conservative local SEO copy, CTA. Avoid doorway-page patterns.",,,,,,,,,
/meet-the-team/,47,"Mental Health Providers in Louisville, KY",matched-public-and-lmhg,unreviewed,candidate-clean,candidate-mostly-clean,review-needed,requires-user-design-transplant-decision,not-approved-for-wordpress-write,trust,Team hub,AboutPage,"Mental Health Providers in Louisville, KY | LMHG","Meet LMHG mental health providers in Louisville, including therapists, counselors, case management, and community-based support team members.",mental health providers louisville ky,therapists louisville ky; counselors louisville ky,"A team approach to care; Matching clients with the right provider; Therapists, counselors, and support staff",Provider/team trust,Make team breadth visible without ranking individual credentials above care fit.,Provider matching; multiple backgrounds; therapy + TCM/CSA team; first appointment fit,provider roster as credential dump; clinicians only; hospital department staff,/,,"Trust/support template: warm but factual page structure for team, contact, insurance, reviews, careers. Contact/insurance/cost language must stay consistent.",,,,,,,,,
/not-found/,5,Page Not Found,public-only-gap,unreviewed,missing-from-lmhg-metadata,needs-classification,review-needed,requires-user-design-transplant-decision,not-approved-for-wordpress-write,not-found,Not Found,MedicalWebPage,,,,,,,,,,/,,"Operational 404 template: short message, search/route links, no SEO migration claims.",,Public page has no matching LMHG metadata row; review before page creation.,,,,,,,
/oldham-county-ky/,48,"Mental Health Services in Oldham County, KY",matched-public-and-lmhg,unreviewed,candidate-clean,candidate-mostly-clean,review-needed,requires-user-design-transplant-decision,not-approved-for-wordpress-write,location-access,Service area,MedicalWebPage,"Mental Health Services in Oldham County, KY | LMHG","Mental health services for Oldham County clients through LMHG therapy, counseling, telehealth, case management, and community-based services.",mental health services oldham county ky,therapy oldham county ky; counseling oldham county ky,"Support for Oldham County clients; Private practice care with flexible settings; Therapy, counseling, and practical support",County service area,Local relevance plus truthful service coverage. No fake local branch.,Louisville office; telehealth; family/case management; insurance; care setting fit,Oldham County clinic; generic local doorway; hospital network language,/locations/,,"Location/access template: one-office/multiple-setting language, setting facts, service links, conservative local SEO copy, CTA. Avoid doorway-page patterns.",,,,,,,,,
/parenting-support/,49,"Parenting Support in Louisville, KY",matched-public-and-lmhg,unreviewed,candidate-clean,candidate-mostly-clean,user-confirmed-service-menu,requires-user-design-transplant-decision,not-approved-for-wordpress-write,specialty,Concern page,MedicalWebPage; FAQPage,"Parenting Support in Louisville, KY | LMHG","Parenting support in Louisville for behavior concerns, boundaries, routines, communication, co-parenting stress, and family stability.",parenting support louisville ky,parenting help louisville ky; parent counseling louisville ky,"Support for the parent side of the pattern; Boundaries, routines, and repair; When advice is not enough",Parenting support,"Make this practical and non-shaming. Parents should feel helped, not evaluated.",Morning routines; bedtime; school behavior; co-parent stress; de-escalation; caregiver fatigue,parent training compliance; poor parenting; dysfunctional home,/family-therapy/,,"Specialty/service template: hero Group with optional aside, practical support sections, related services/specialties, FAQ, CTA. Start from Gutenberg core blocks and add custom block patterns only after approval.",,,,,specialty-child,2,/family-therapy/,Parenting Support,
/play-therapy/,50,"Play Therapy in Louisville, KY",matched-public-and-lmhg,unreviewed,candidate-clean,candidate-mostly-clean,user-confirmed-service-menu,requires-user-design-transplant-decision,not-approved-for-wordpress-write,specialty,Service,MedicalWebPage; FAQPage,"Play Therapy in Louisville, KY | LMHG","Play therapy in Louisville for children who need age-appropriate support for feelings, behavior, stress, trauma, or family change.",play therapy louisville ky,child play therapy louisville ky; play therapist louisville ky,Play-based support for children; When play therapy may fit; Caregiver involvement and child counseling context,Play therapy,Use parent-facing plain language. Explain therapeutic play without making it sound like unstructured playtime.,Big feelings; behavior changes; family transitions; younger children; caregiver involvement; school stress,just playing; behavior problems as blame; guaranteed emotional breakthroughs,/child-counseling/,,"Specialty/service template: hero Group with optional aside, practical support sections, related services/specialties, FAQ, CTA. Start from Gutenberg core blocks and add custom block patterns only after approval.",,,,,specialty-child,2,/child-counseling/,Play Therapy,
/privacy-policy/,3,Privacy Policy for Louisville Mental Health Group,matched-public-and-lmhg,unreviewed,candidate-clean,candidate-mostly-clean,review-needed,requires-user-design-transplant-decision,not-approved-for-wordpress-write,legal-utility,Utility/legal,MedicalWebPage,Privacy Policy | Louisville Mental Health Group,"Privacy policy for Louisville Mental Health Group website use, practice-related information, records, privacy limits, and contact questions.",privacy policy louisville mental health group,lmhg privacy policy,Privacy policy; Website and practice-related information; Contact questions,Legal support,Do not optimize aggressively. Keep accurate and reviewed.,Privacy limits; website info; records; contact details,marketing rewrite; legal promises beyond policy,/faq/,,"Legal/utility template: prose-first, protected copy, minimal CTA pressure, no AI rewriting of legal meaning without explicit review.",,,,,,,,,
/relationship-counseling/,52,"Relationship Counseling in Louisville, KY",matched-public-and-lmhg,unreviewed,candidate-clean,candidate-mostly-clean,user-confirmed-service-menu,requires-user-design-transplant-decision,not-approved-for-wordpress-write,specialty,Service,MedicalWebPage; FAQPage,"Relationship Counseling in Louisville, KY | LMHG","Relationship counseling in Louisville for communication patterns, trust, conflict, emotional distance, repair, boundaries, and relationship decisions.",relationship counseling louisville ky,relationship therapy louisville ky; counseling for relationship problems louisville ky,Support for relationship patterns; When communication keeps breaking down; Deciding what needs to change next,Relationship counseling,"Broaden beyond married couples. Include partners, family relationships where appropriate, and decision support.",Boundaries; conflict loops; emotional distance; repair; individual vs couples starting point,relationship pathology; toxic dynamics as a label; dramatic ultimatum language,/couples-counseling/,,"Specialty/service template: hero Group with optional aside, practical support sections, related services/specialties, FAQ, CTA. Start from Gutenberg core blocks and add custom block patterns only after approval.",,,,,specialty-child,2,/couples-counseling/,Relationship Counseling,
/reviews/,53,Louisville Mental Health Group Reviews | Client Feedback,matched-public-and-lmhg,unreviewed,candidate-clean,candidate-mostly-clean,review-needed,requires-user-design-transplant-decision,not-approved-for-wordpress-write,trust,Trust page,MedicalWebPage,Louisville Mental Health Group Reviews | Client Feedback,"Read Louisville Mental Health Group reviews and feedback themes about counseling, therapy, family support, and practical mental health care.",louisville mental health group reviews,therapy reviews louisville ky; mental health practice reviews louisville ky,What clients and families notice; Trust signals for starting care; Reviews as one part of choosing a practice,Social proof,"Use reviews to reduce hesitation, not as hype. Keep clinical claims modest.",Access; helpful staff; provider fit; family support; practical care,best clinic claims; guaranteed satisfaction; review stuffing,/,,"Trust/support template: warm but factual page structure for team, contact, insurance, reviews, careers. Contact/insurance/cost language must stay consistent.",,,,,,,,,
/sample-page/,2,Sample Page,public-only-gap,unreviewed,missing-from-lmhg-metadata,needs-classification,review-needed,requires-user-design-transplant-decision,not-approved-for-wordpress-write,needs-classification,Needs Classification,MedicalWebPage,,,,,,,,,,/,,Needs Gutenberg implementation pattern after classification for /sample-page/.,,Public page has no matching LMHG metadata row; review before page creation.,,,,,,,
/services/,54,"Mental Health Services in Louisville, KY",matched-public-and-lmhg,reviewed-confirmed-service-hub,candidate-clean,candidate-mostly-clean,review-needed,requires-user-design-transplant-decision,not-approved-for-wordpress-write,service,Primary hub,MedicalWebPage,"Mental Health Services in Louisville, KY | LMHG","Compare mental health services in Louisville, KY including therapy, trauma therapy, family services, case management, community support, EMDR, and in-home care.",mental health services louisville ky,therapy and counseling louisville ky; community based mental health services louisville ky,"Find the right starting point; Therapy, counseling, and practical support; Services that can work together",Service navigation / full care model,Make the full service mix scannable. Explain that clients do not need to self-diagnose before reaching out.,"Short cards for therapy, trauma therapy, family services, court services, TCM, CSA, in-home care",service array; clinical continuum; comprehensive solutions,/,/child-counseling/; /community-based-services/; /couples-counseling/; /court-ordered/; /family-therapy/; /group-therapy/; /individual-counseling/; /trauma-therapy/,"Broad service template: hero Group, service-routing card Grid, explanatory sections, related services, FAQ section, CTA. Use core Group/Columns/List/Buttons/Details where possible.","Treat Mental Health Services in Louisville, KY as the Services hub, not the homepage.",,,,,,,,
/specialties/,55,"Mental Health Specialties in Louisville, KY",matched-public-and-lmhg,unreviewed,candidate-clean,candidate-mostly-clean,review-needed,requires-user-design-transplant-decision,not-approved-for-wordpress-write,specialty,Specialties hub,MedicalWebPage,"Mental Health Specialties in Louisville, KY | LMHG","Mental health specialties in Louisville, KY include EMDR, play therapy, anxiety and depression therapy, case management, community support, parenting, and family care.",mental health specialties louisville ky,emdr therapy louisville ky; play therapy louisville ky,Focused care paths; Therapy specialties and practical supports; When a specific service may fit,Specific support paths,"Explain specialties broadly, not just modalities. Include community services as legitimate specialties.",EMDR; play therapy; anxiety/depression; parenting; TCM; CSA; family reunification,specialty clinic; subspecialty program; clinical menu only,/,,"Specialty/service template: hero Group with optional aside, practical support sections, related services/specialties, FAQ, CTA. Start from Gutenberg core blocks and add custom block patterns only after approval.",,,,,,,,,
/terms-of-use/,56,Terms of Use for Louisville Mental Health Group,matched-public-and-lmhg,unreviewed,candidate-clean,candidate-mostly-clean,review-needed,requires-user-design-transplant-decision,not-approved-for-wordpress-write,legal-utility,Utility/legal,MedicalWebPage,Terms of Use | Louisville Mental Health Group,"Terms of use for Louisville Mental Health Group website information, content limits, external links, general use, and contact questions.",terms of use louisville mental health group,lmhg terms of use,Terms of use; Website content limits; General information only,Legal support,Do not turn legal copy into marketing copy.,Website use; informational limits; external links; contact details,service promises; rewritten legal meaning,/faq/,,"Legal/utility template: prose-first, protected copy, minimal CTA pressure, no AI rewriting of legal meaning without explicit review.",,,,,,,,,
/therapy-in-your-home/,57,"In-Home Therapy in Louisville, KY",matched-public-and-lmhg,unreviewed,candidate-clean,candidate-mostly-clean,review-needed,requires-user-design-transplant-decision,not-approved-for-wordpress-write,specialty,Community/in-home service,MedicalWebPage; FAQPage,"In-Home Therapy in Louisville, KY | LMHG","In-home therapy in Louisville for clients and families who need mental health support connected to home routines, access barriers, and daily life.",in home therapy louisville ky,therapy in your home louisville ky; home based mental health services louisville ky,Care connected to home routines; When in-home support may fit; Mental health care beyond the office,In-home therapy / care setting,Write concretely about why home-based care helps without implying everyone qualifies or every service happens at home.,Routines; parenting support; access barriers; family context; TCM/CSA connection,home visits as convenience only; concierge therapy; clinical home intervention,/specialties/,,"Specialty/service template: hero Group with optional aside, practical support sections, related services/specialties, FAQ, CTA. Start from Gutenberg core blocks and add custom block patterns only after approval.",,,,,,,,,
/trauma-therapy/,58,"Trauma Therapy in Louisville, KY",matched-public-and-lmhg,unreviewed,candidate-clean,candidate-mostly-clean,user-confirmed-service-menu,requires-user-design-transplant-decision,not-approved-for-wordpress-write,service,Broad service category,MedicalWebPage; FAQPage,"Trauma Therapy in Louisville, KY | LMHG","Trauma therapy in Louisville for distressing memories, triggers, grief, anxiety, PTSD symptoms, and experiences that still feel active.",trauma therapy louisville ky,trauma-focused therapy louisville ky; ptsd therapy louisville ky,Trauma-informed support; When past experiences still feel active; EMDR as one related therapy path,Trauma therapy,"Use calm trauma-informed language without forcing disclosure or promising a specific outcome. Explain EMDR as one related option, not the whole category.",Distressing memories; triggers; sleep or relationship impact; EMDR; individual or family support,relive your trauma; breakthrough; cure PTSD; graphic trauma examples,/services/,/emdr-therapy/,"Broad service template: hero Group, service-routing card Grid, explanatory sections, related services, FAQ section, CTA. Use core Group/Columns/List/Buttons/Details where possible.",,,,,core-service,1,,Trauma Therapy,/emdr-therapy/
