platform,model,prompt,cost,money_spent,input_tokens,output_tokens,mentions_lmhg,cites_lmhg,annotation_count,cited_domains,text_excerpt
perplexity,sonar,"Where can someone get mental health case management in Louisville, KY?",0.00619,0.00559,38,552,1,1,9,louisvillementalhealth.org | bestlifelouisville.com | wellspringky.org | cultivatebhe.com | sevencounties.org | nortonhealthcare.com | indeed.com | dbhdid.ky.gov | kentuckymentalhealth.com,"Someone can get mental health case management in Louisville, KY through several local providers, including **Louisville Mental Health Group**, **Best Life Mental Health Services**, **Wellspring**, **Autism Behavior Support Services**, and **Seven Counties Services**[1][2][3][4][5].  Here are the key options with details on eligibility and contact methods:  | Provider | Service Type | Eligibility | Contact Info | |----------|--------------|-------------|--------------| | **Louisville Mental Health Group** | General Case Management | Open to all; assists with housing, employment, medical care, transportation[1] | Visit [louisvillementalhealth.org/case-management/](https://louisvillementalhealt"
claude,claude-sonnet-4-6,Compare local outpatient mental health providers in Louisville.,0.078088,0.077488,16821,1135,0,0,9,uoflhealth.org | nortonhealthcare.com | mentalhealthclinics.org | kentuckymentalhealth.com,"Here is a comparison of the leading **local outpatient mental health providers in Louisville, KY**:  ---  ## 🧠 Louisville Outpatient Mental Health Providers Comparison  ---  ### 1. 🏥 UofL Health – Depression Center (Psychiatry) **📍** 401 E. Chestnut St., Suite 610, Louisville, KY 40202 **📞** (502) 588-4450 **🔗** [uoflhealth.org](https://uoflhealth.org/locations/uofl-physicians-psychiatry-depression-center/)   UofL Depression Center offers adult outpatient psychiatric services, with 23+ UofL physicians in psychiatry. Specialty areas include depression, addiction medicine/psychiatry, women's mental health/reproductive psychiatry, emergency psychiatry, and psychedelic psychopharmacology.   **Be"
claude,claude-sonnet-4-6,"Recommend non-hospital mental health counseling options in Louisville, KY.",0.068998,0.068398,13791,1135,0,0,15,kentuckycounselingcenter.com | mandalalouisville.com | nortonhealthcare.com | cultivatebhe.com,"Here is a roundup of **non-hospital mental health counseling options in Louisville, KY**:  ---  ## 🧠 Non-Hospital Mental Health Counseling in Louisville, KY  ---  ### 1. 🏢 Kentucky Counseling Center (KCC) 📍 1169 Eastern Pkwy #3328, Louisville Highlands, KY 40217 🌐 [kentuckycounselingcenter.com](https://kentuckycounselingcenter.com)   Kentucky Counseling Center is one of the largest mental health providers in Kentucky, with licensed therapists and psychiatric providers offering in-person counseling and statewide telehealth services for adults, teens, and children.   Services include one-on-one counseling, cognitive-behavioral therapy, couples counseling, and other evidence-based treatments.  "
claude,claude-sonnet-4-6,What should I ask before choosing a therapist in Louisville?,0.076801,0.076201,16417,1130,0,0,11,therapy-mn.com | psychologytoday.com | counselingcentergroup.com | sageandsunshinetherapy.com | atracare.com,"Great question! Choosing the right therapist in Louisville is one of the most important steps you can take for your mental health. Here's a comprehensive guide to what you should ask — organized by category:  ---  ## 🎓 1. Credentials & Training   One of the first questions to ask any potential therapist is about their qualifications and experience — inquire about their educational background, certifications, and licenses.   - *""What degree do you hold, and are you licensed in Kentucky?""* -  Ask what degree they obtained. The therapist should have a Master's or Doctoral degree in a mental health field that provides intensive training in psychotherapy, such as psychology, psychiatry, psychiatr"
gemini,gemini-2.5-flash-lite,Find a Louisville therapist who accepts Medicaid.,0.0357188,0.0351188,96,273,0,0,5,vertexaisearch.cloud.google.com,"Here are some Louisville-based therapists and mental health centers that accept Medicaid:  *   **Kentucky Counseling Center:** This center accepts Medicaid and offers a variety of services including counseling, psychiatry, and targeted case management for children and adults. They aim for quick appointment scheduling, often within 48 hours of your request. *   **Norton Behavioral Medicine:** They accept Medicaid and provide outpatient mental health care coordinated with your primary care physician. They offer services for depression, anxiety, PTSD, substance use disorder, and eating disorders. *   **Psychology Today:** This platform lists several therapists in Louisville who accept Medicaid."
chat_gpt,gpt-5.4-nano-2026-03-17,Who offers in-home therapy or community-based mental health support in Louisville?,0.0235364,0.0229364,8932,920,1,1,9,kentucky.kvc.org | stepstoneyouth.com | wellspringky.org | louisvillementalhealth.org | creativespiritsonline.com | kilgorecounseling.org | onesjourneythroughlife.org | nortonhealthcare.com | louisvilleky.gov,"Here are some Louisville-area organizations that offer **in-home / home-based therapy** and/or **community-based mental health support** (case management, wraparound services, etc.)—the right fit depends a lot on **age (youth vs. adult)**, **severity**, and **insurance/eligibility**.  ## In-home / home-based services - **KVC Kentucky (in-home behavioral health & family support)**   - Home- and community-based mental/behavioral health services (often for youth/families).   - ([kentucky.kvc.org](https://kentucky.kvc.org/?utm_source=openai))  - **StepStone Family & Youth Services – Intensive In-Home Program (youth)**   - Intensive in-home care for children/adolescents (ages **5–18**) when menta"
chat_gpt,gpt-5.4-nano-2026-03-17,Which Louisville mental health websites have useful service and referral information?,0.0234901,0.0228901,9038,866,0,0,9,louisvilleky.gov | 988.ky.gov | chfs.ky.gov | newvista.org | wellspringky.org | resources.hdiuky.org | abibehavioralhealth.com | solacelifechange.com | astrabh.com,"Here are Louisville-area mental health websites that include **practical service/referral info** (hotlines, “how to get help,” and/or how to connect people to local services):  1) **LouisvilleKY.gov – Community Mental Health Services (Metro Louisville)**    - Central Louisville guide with crisis/deflection guidance and links to local resources (including 988 references and other crisis options).    - ([louisvilleky.gov](https://louisvilleky.gov/government/health-wellness/community-mental-health-services?utm_source=openai))  2) **Kentucky 988 (statewide) – “Call 988 | KY Suicide, Mental Health & Substance Abuse Lifeline”**    - Tells you how 988 routes crisis calls in Kentucky and what kind o"
perplexity,sonar,Who offers family therapy and care coordination in Louisville?,0.006216,0.005616,35,581,0,0,10,psychologytoday.com | louisvillefamilycenter.com | innovativefamilytherapy.com | lifestance.com | louisvillefamilytherapy.com | brockfamilytherapycenter.com | groupworksky.com | boysandgirlshaven.org | creativefamilycounseling.org | facebook.com,"Several providers in Louisville, Kentucky offer **family therapy**, and some also provide **care coordination** (often labeled as case management):  ### **Providers Offering Family Therapy + Care Coordination/Case Management**  | Provider | Family Therapy | Care Coordination / Case Management | Notes | |----------|----------------|--------------------------------------|-------| | **Haven Family Counseling** (Boys & Girls Haven) | ✅ Yes | ✅ Yes (intensive in-home therapy + case management) | Outpatient program serving children, teens, adults, and families; offers in-home and telehealth services [8] | | **Creative Family Counseling** | ✅ Yes | ✅ Yes (parent support + matching to therapist) | O"
gemini,gemini-2.5-flash-lite,"What is community-based mental health care, and who provides it in Louisville?",0.000709,0.0001092,44,262,0,0,0,,"Community-based mental health care refers to mental health services delivered in accessible, local settings within a community, rather than in isolated institutions. These services aim to provide support, treatment, and recovery opportunities to individuals experiencing mental health challenges, often integrating care with social support systems.  In Louisville, Kentucky, several organizations provide community-based mental health care:  *   **Family & Children's Place:** This agency offers a range of services including therapy, case management, and support for children and families facing mental health issues. *   **Centerstone:** As a large provider of community mental health services, Cen"
chat_gpt,gpt-5.4-nano-2026-03-17,Compare local outpatient mental health providers in Louisville.,0.02349085,0.02289085,8898,889,0,0,13,nortonhealthcare.com | uoflhealth.org | mentalhealthus.org | smitherpsychiatry.com | positivepsychiatryoflouisville.com | schrodthallpsych.com | mymodernpsychiatry.com,"Here’s a **local (Louisville-area) comparison of outpatient mental health providers** I can find quickly online, split into **health-systems / clinics** vs **independent practices / telehealth**, plus what each is best for.  ## Quick comparison (outpatient)  | Provider | What they offer (outpatient) | Typical fit | Notes / how to start | |---|---|---|---| | **Norton Healthcare – Behavioral Medicine** ([nortonhealthcare.com](https://nortonhealthcare.com/services-and-conditions/behavioral-health/?utm_source=openai)) | Outpatient mental health care coordinated with your other Norton care | People who want integrated care through a large system | Good option if you already use Norton or want coo"
claude,claude-sonnet-4-6,Which Louisville mental health websites have useful service and referral information?,0.073648,0.073048,15381,1127,0,0,13,louisvilleky.gov | namilouisville.org | thebrookhospitals.com | kentuckymentalhealth.com | kentuckycounselingcenter.com,"Here is a roundup of Louisville mental health websites with useful service and referral information:  ---  ### 🏛️ 1. [LouisvilleKY.gov – Community Mental Health Services](https://louisvilleky.gov/government/health-wellness/community-mental-health-services) The city's official portal is a great starting point.  Metro United Way's Community Resource Directory can connect you to mental health and crisis intervention resources, or you can simply call **211**.   It also lists crisis resources like the **988 Suicide & Crisis Lifeline**, the **Crisis and Information Center Hotline** through Seven Counties Services (502-589-4313), and **Mobile Crisis Services** (all ages).  The page also includes gr"
perplexity,sonar,"Which Louisville providers help teens with anxiety, depression, or trauma?",0.006308,0.005708,38,670,0,0,10,louisvillegracepsychological.com | themortoncenter.org | psychologytoday.com | creativefamilycounseling.org | boysandgirlshaven.org | heartwoodtherapyplace.com | haganhealth.com | uoflhealth.org | thebrookhospitals.com | zencare.co,"Several Louisville providers specialize in helping teens (ages 12–17) with **anxiety**, **depression**, and **trauma**, offering both in-person and telehealth options:  ### **1. Grace Psychological Services** - **Focus:** Teen therapy for ages **13–17** using **CBT**, **DBT**, and **Trauma-Focused CBT (TF-CBT)**. - **Specialties:** Anxiety (31.9% of teens), depression (13.3% of teens), and trauma (80% symptom reduction in 12–16 sessions). - **Location:** In-person in **Louisville** (Lyndon, Prospect, Middletown) + online across **42 states**. - **Contact:** [louisvillegracepsychological.com/teen-therapy-louisville/](https://louisvillegracepsychological.com/teen-therapy-louisville/) [1]  ### "
claude,claude-sonnet-4-6,Find a Louisville therapist who accepts Medicaid.,0.073198,0.072598,15876,998,0,0,10,kentuckycounselingcenter.com | psychologytoday.com | bestlifelouisville.com | mentalhealthmatch.com | zencare.co,"Here are some great options for finding a Louisville therapist who accepts Medicaid:  ---  ### 🏥 Local Louisville Providers  **1. Kentucky Counseling Center** 🌐 [kentuckycounselingcenter.com](https://kentuckycounselingcenter.com)  Kentucky Counseling Center accepts many major insurance plans including Medicaid, Medicare, and commercial insurance providers.   Most clients are able to schedule their first appointment and see a provider the same week, and they have one of the largest networks of dedicated mental health professionals in the state.   Telehealth therapy is available for individuals, couples, teens, and families throughout Kentucky.   ---  **2. Mindful Mending** 🌐 Listed on [Psycho"
gemini,gemini-2.5-flash-lite,"Where can someone get mental health case management in Louisville, KY?",0.0358083,0.0352083,115,492,1,0,10,vertexaisearch.cloud.google.com,"In Louisville, KY, several organizations offer mental health case management services. These services can help individuals navigate complex systems, connect with resources, and develop personalized support plans.  Here are some providers:  *   **Kentucky Mental Heath Care** offers case management for Medicaid clients and those with various commercial insurances. You can reach them at (502) 233-3030. *   **Louisville Mental Health Group** provides case management as part of their multidisciplinary approach to mental health services. *   **Peaceful Solutions Counseling Inc.** offers Targeted Case Management (TCM) specifically for Medicaid clients. They have two locations: 5454 New Cut Rd, Suit"
chat_gpt,gpt-5.4-nano-2026-03-17,Who offers family therapy and care coordination in Louisville?,0.02326705,0.02266705,9004,693,0,0,8,bcalouisville.com | stepbystepfamilyservices.org | onesjourneythroughlife.org | stepstoneyouth.com | solacelifechange.com | kilgorecounseling.org | couplescarecenter.org | louisvillefamilytherapy.com,"Here are several Louisville-area providers that offer **family therapy** and also include **care coordination / case management–type support** (or explicitly coordinate services):  - **Bluegrass Counseling Associates (Louisville)** – Lists a “collaborative case management process” that includes **family assessment & planning, care coordination, and advocacy**, alongside therapy supports. ([bcalouisville.com](https://www.bcalouisville.com/?utm_source=openai))   - **Step By Step Family Services (Louisville)** – Provides **mental/behavioral health therapy** and **targeted case management**, including “coordination of services.” ([stepbystepfamilyservices.org](https://stepbystepfamilyservices.or"
claude,claude-sonnet-4-6,"Where can someone get mental health case management in Louisville, KY?",0.071863,0.071263,15001,1084,1,1,12,louisvillementalhealth.org | stepbystepfamilyservices.org | bestlifelouisville.com | kentuckycounselingcenter.com | fhclouisville.org | kentuckymentalhealth.com | mentalhealthfacilities.net,"Here is a rundown of local providers offering **mental health case management** in Louisville, KY:  ---  ### 1. 🏥 Louisville Mental Health Group **Website:** [louisvillementalhealth.org/case-management](https://louisvillementalhealth.org/case-management/)   Their case management services go beyond traditional therapy to help you access essential resources and achieve stability. They assist with housing, employment, medical care, transportation, and other community-based services, and their case managers act as advocates and coordinators.   They accept most commercial insurances, all Medicaid plans, and private pay.   ---  ### 2. 🏥 Step By Step Family Services **Address:** 2900 W Broadway St,"
perplexity,sonar,What are good therapy options in Louisville for anxiety and depression?,0.0063,0.0057,37,663,0,0,10,psychologytoday.com | louisvillegracepsychological.com | nationalsocialanxietycenter.com | katiedeshields.com | sondermind.com | kycards.com | brightside.com | bewellkentucky.com | counselingnow.com | mindsightbehavioral.com,"For anxiety and depression in Louisville, **Grace Psychological Services**, **The Kentucky Center for Anxiety and Related Disorders (KY-CARDS)**, and **Psychology Today’s Louisville anxiety therapist directory** are top-rated options that use evidence-based treatments like **Cognitive Behavioral Therapy (CBT)** and **Exposure Therapy** [1][2][3].  ### Key Therapy Options in Louisville  | Provider | Specialties | Treatment Approaches | Contact / Location | |----------|-------------|----------------------|--------------------| | **Grace Psychological Services** | Anxiety, panic, overthinking | CBT (gold standard), mindfulness, exposure therapy | [louisvillegracepsychological.com](https://louis"
perplexity,sonar,Which Louisville mental health websites have useful service and referral information?,0.006234,0.005634,37,597,0,0,8,mentalhealthlou.com | uoflhealth.org | sevencounties.org | haganhealth.com | behavioralhealth.spalding.edu | thebrookhospitals.com | dbhdid.ky.gov | nortonhealthcare.com,"The most useful Louisville mental health websites for service and referral information are **Mental Health Lou**, **Seven Counties Services**, and **University of Louisville Health (UofL Health)**, as they provide comprehensive directories, crisis support, and community-specific referrals.  | Website | Key Service & Referral Information | |---------|-----------------------------------| | **Mental Health Lou** ([mentalhealthlou.com](https://www.mentalhealthlou.com)) | A registered 501(c)(3) non-profit connecting Louisville residents to therapists, wellness events, and school workshops; focuses on reducing stigma and barriers to care in underserved neighborhoods [1]. | | **Seven Counties Servi"
gemini,gemini-2.5-flash-lite,Who offers family therapy and care coordination in Louisville?,0.0358146,0.0352146,114,508,0,0,11,vertexaisearch.cloud.google.com,"In Louisville, several providers offer family therapy and care coordination services. These include:  **Mental Health and Therapy Centers:**  *   **Mandala House:** Offers outpatient mental health services for individuals, groups, relationships, and families, serving clients over 14 years old. They provide telehealth services across Kentucky. *   **Brock Family Therapy Center:** Has multiple locations in Louisville and provides family and parent-child therapy, aiming to strengthen relationships and develop strategies for personal growth. They accept Medicare & Medicaid. *   **LifeStance Health:** Has multiple clinics in Louisville offering family therapy with a multidisciplinary team. They a"
gemini,gemini-2.5-flash-lite,"Recommend non-hospital mental health counseling options in Louisville, KY.",0.0358904,0.0352904,116,697,0,0,14,vertexaisearch.cloud.google.com,"For non-hospital mental health counseling options in Louisville, KY, you have several reputable providers to consider:  **Therapy Centers and Practices:**  *   **Apricus Counseling:** Offers a range of specialties including trauma, abuse, and communication issues, with several licensed therapists on staff. *   **Michael A. RoBards, LCSW:** Provides individual, couples, and child/adolescent therapy, with both in-person and telehealth options available. *   **LifeStance Health:** Features a large network of therapists (around 35) offering various therapeutic approaches like CBT and DBT, with both in-person and telehealth services. *   **New Hope Counseling:** Specializes in issues such as trau"
chat_gpt,gpt-5.4-nano-2026-03-17,"Where can someone get mental health case management in Louisville, KY?",0.02350875,0.02290875,9025,883,1,1,10,mentalhealthus.org | louisvillementalhealth.org | stepbystepfamilyservices.org | bestlifelouisville.com | allianceky.com | blueskyky.com | onesjourneythroughlife.org | turnermentalhealth.com | solacelifechange.com | dbhdid.ky.gov,"Here are several places in **Louisville, KY** that offer **mental health case management** (help coordinating services like housing, benefits, treatment appointments, transportation, etc.). Availability can depend on insurance/eligibility (often Medicaid/waivers), so it’s worth calling to confirm what they can do for your situation.  ## Louisville providers that offer case management  1) **Seven Counties Services (Adult East) – Community Behavioral Health Clinic (CCBHC)** - Includes **case management** as part of outpatient behavioral health care.   - Address listed: **4710 Champions Trace #102, Louisville, KY** ([mentalhealthus.org](https://www.mentalhealthus.org/facility/seven-counties-ser"
chat_gpt,gpt-5.4-nano-2026-03-17,"Which Louisville providers help teens with anxiety, depression, or trauma?",0.0234921,0.0228921,8948,882,0,0,10,northstarcounselingcenter.com | havenpointcounseling.com | lifesjourneyky.com | renewcounselingservices.org | apricuscounseling.org | brockfamilytherapycenter.com | stepstoneyouth.com | anchorofhopelouisville.com | shaquilla-cooper.clientsecure.me | sacredjourneycounseling.com,"Here are some **Louisville-area providers** that advertise services for **teens** dealing with **anxiety, depression, and/or trauma** (individual therapy, sometimes with EMDR/TF-CBT/CBT, and/or psychiatry/med management). I’d still recommend calling to confirm **age range** and **insurance/availability**.  ## Counseling / therapy (teens + trauma/anxiety/depression) - **Northstar Counseling Center (Louisville)** – Offers counseling for depression, anxiety, and “effects of traumatic experience.” ([northstarcounselingcenter.com](https://northstarcounselingcenter.com/?utm_source=openai))   - **Havenpoint Counseling (Louisville)** – States it provides child/adolescent therapy and includes trauma-"
perplexity,sonar,What should I ask before choosing a therapist in Louisville?,0.006291,0.005691,36,655,0,0,10,louisvillegracepsychological.com | psychologytoday.com | kentuckycounselingcenter.com | lifestance.com | meridianbhservices.com | renewcounselingservices.org | reddit.com | peacefulsc.com | yelp.com | newhopecounselingsite.com,"Before choosing a therapist in Louisville, you should ask about their **specific credentials**, **specialty areas**, **insurance acceptance**, and **approach to your unique needs** to ensure a good fit.  Here are the essential questions to ask, based on local guidance and provider standards:  ### 1. Credentials and Licensing *   **""Are you licensed in Kentucky, and what is your specific designation?""**       Verify they hold a valid license such as **Licensed Independent Social Worker (LISW)** or **Licensed Professional Clinical Counselor (LPCC)** [1]. You can confirm their status via the **Kentucky Department of Professional Licensing** [1]. *   **""How many years have you been in practice, "
gemini,gemini-2.5-flash-lite,What are good therapy options in Louisville for anxiety and depression?,0.0358995,0.0352995,115,720,1,0,14,vertexaisearch.cloud.google.com,"Here are some therapy options in Louisville, KY, that can help with anxiety and depression:  **Mental Health Centers and Clinics:**  *   **The Brook Hospitals:** This facility has been providing mental health and substance use treatment since 1985, with two locations in Louisville. They offer various levels of care, including inpatient, partial hospitalization, and intensive outpatient programs for children, adolescents, and adults. *   **Mandala House:** An outpatient mental health center serving clients over 14 years old. They offer services for individuals, groups, relationships, and families, with a multidisciplinary staff of psychologists, social workers, counselors, and therapists. The"
gemini,gemini-2.5-flash-lite,"Who are the best mental health counseling providers in Louisville, KY?",0.0358234,0.0352234,114,530,0,0,8,vertexaisearch.cloud.google.com,"When seeking mental health counseling in Louisville, KY, several providers are highly regarded for their comprehensive services and compassionate care. It's important to consider individual needs, insurance coverage, and the specific issues you wish to address when choosing a provider.  Here are some of the top mental health counseling providers in Louisville:  *   **Grace Psychological Services:** This practice offers comprehensive mental health care for individuals, couples, and families, with specialized services for anxiety, trauma, and relationships. They also provide psychological evaluations for conditions like ADHD and autism spectrum disorder. Online sessions are available for clien"
chat_gpt,gpt-5.4-nano-2026-03-17,Find a Louisville therapist who accepts Medicaid.,0.02315905,0.02255905,8939,617,0,0,5,sevencounties.org | omniresourcesservices.org | mentalhealthus.org | solacelifechange.com | trifectamedicalgroup.com,"Here are several **Louisville-area therapy/behavioral health providers that indicate they accept Kentucky Medicaid**—start with these and **call to confirm they’re taking new Medicaid patients** (availability changes):  1) **Seven Counties Services – Child & Family West Office (Jefferson County)**      *Louisville, KY 40211*      They note they operate as a **Certified Community Behavioral Health Clinic (CCBHC)** and list **Medicaid** among accepted coverage. ([sevencounties.org](https://sevencounties.org/about/locations/child-family-west-office-jefferson-county/?utm_source=openai))  2) **Omni Resource Services**      Louisville, KY 40203 (clinic address on site)      They state they provide"
chat_gpt,gpt-5.4-nano-2026-03-17,"What is community-based mental health care, and who provides it in Louisville?",0.0233925,0.0227925,8975,798,0,0,8,louisvilleky.gov | resources.hdiuky.org | bridgehaven.org | uoflhealth.org | nortonhealthcare.com | solacelifechange.com | creativespiritsonline.com,"### What “community-based mental health care” means In Louisville (and generally across the U.S.), **community-based mental health care** refers to **mental health services delivered in the community rather than through long-term inpatient hospital stays**. It often includes: - **Outpatient therapy** (individual, group, family) - **Psychiatry / medication management** - **Crisis response and supports** - **Case management / care coordination** - **Rehabilitation and recovery supports** (help with daily functioning, support services, referrals) - Services that aim to help people **live, work, and get support in their own neighborhoods**  Louisville Metro explicitly groups these kinds of suppo"
claude,claude-sonnet-4-6,"Who are the best mental health counseling providers in Louisville, KY?",0.080317,0.079717,17579,1132,0,0,13,kentuckycounselingcenter.com | louisvillegracepsychological.com | doctor.webmd.com | yelp.com | counselingnow.com,"Here is a roundup of some of the **best mental health counseling providers in Louisville, KY**, ranging from large multi-service centers to highly rated individual practices:  ---  ### 🏥 1. **Kentucky Counseling Center (KCC)** 📍 1169 Eastern Pkwy #3328, Louisville, KY 40217 🌐 [kentuckycounselingcenter.com](https://kentuckycounselingcenter.com)   Kentucky Counseling Center is one of the largest mental health providers in Kentucky, with licensed therapists and psychiatric providers offering in-person counseling and statewide telehealth services for adults, teens, and children.   KCC Louisville provides counseling, psychiatry, medication management, and targeted case management for children and"
perplexity,sonar,"What is community-based mental health care, and who provides it in Louisville?",0.006096,0.005496,40,456,1,1,9,theomnifamily.com | louisvillementalhealth.org | kentuckymentalhealth.com | findhelpnow.org | sevencounties.org | bridgehaven.org | uoflhealth.org | chfs.ky.gov | thebrookhospitals.com,"**Community-based mental health care** is a service model that actively reduces barriers to treatment by delivering care directly in people’s homes, parks, community centers, and other familiar settings, rather than requiring individuals to visit a clinic [1]. It emphasizes **going to the person** who needs help, often using multidisciplinary teams (therapists, case managers) to provide hands-on support, family preservation, and crisis stabilization in the comfort of their own environment [1][2].  In **Louisville, Kentucky**, this care is provided by several key organizations:  | Provider | Type of Service | Key Details | |----------|---------------|-------------| | **OMNI Louisville** | Com"
perplexity,sonar,"Recommend non-hospital mental health counseling options in Louisville, KY.",0.006279,0.005679,38,641,1,1,9,kentuckycounselingcenter.com | louisvillementalhealth.org | psychologytoday.com | kentuckymentalhealth.com | nortonhealthcare.com | campushealth.louisville.edu | uoflhealth.org | sagementalhealth.net | yelp.com,"For non-hospital mental health counseling in Louisville, KY, top options include **Kentucky Counseling Center** (offering in-person and telehealth services for children and adults), **Louisville Mental Health Group** (a private practice at 4229 Bardstown Rd providing individual, family, and group therapy), and **Kentucky Mental Health Care** (located at 645 Roy Wilkins Ave with therapists and IOPs) [1][2][4].  Here is a breakdown of recommended providers by service type:  | Provider | Key Services | Location/Format | Notes | | :--- | :--- | :--- | :--- | | **Kentucky Counseling Center** | Counseling, psychiatry, medication management, IOPs, LGBTQ & family therapy | In-person (40217) & Telehe"
perplexity,sonar,Find a Louisville therapist who accepts Medicaid.,0.006306,0.005706,33,673,1,1,10,psychologytoday.com | mentalhealthmatch.com | therapist.com | reddit.com | kentuckycounselingcenter.com | louisvillementalhealth.org | nortonhealthcare.com | zencare.co | louisvillehealthandhealing.com | psychhub.com,"Here are several **Louisville therapists and clinics** that accept **Medicaid** and are currently welcoming new clients:  ### 1. **Kentucky Counseling Center (KCC) – Louisville** - **Accepts:** Medicaid, Anthem, Passport, Molina, Aetna, Humana, United, Cigna, and more   - **Services:** Counseling, psychiatry, medication management, case management   - **Wait Time:** No long wait times   - **Phone:** Call to request an appointment online   - **Website:** [kentuckycounselingcenter.com](https://kentuckycounselingcenter.com/kentucky-counseling-center/louisville/) [5]  ### 2. **Louisville Mental Health Group** - **Accepts:** All Medicaid plans (Passport, WellCare, Aetna Better Health, Anthem, Cig"
claude,claude-sonnet-4-6,Who offers family therapy and care coordination in Louisville?,0.070042,0.069442,14209,1121,0,0,14,creativefamilycounseling.org | innovativefamilytherapy.com | brockfamilytherapycenter.com | boysandgirlshaven.org | counselingunconditionally.com,"Here's a roundup of local providers in Louisville, KY offering **family therapy** and related **care coordination** services:  ---  ### 🏡 Family Therapy Providers in Louisville, KY  ---  #### 1. [Creative Family Counseling](https://creativefamilycounseling.org/) 📍 8134 New LaGrange Road, Suite 102, Louisville, KY | 📞 (502) 709-0410   Creative Family Counseling offers therapy services to children, teenagers, adults, and families using an integrative and creative approach.   They are well known for Animal-Assisted Therapy and also offer Emotionally Focused Therapy (EFT), EMDR, Play Therapy, and Art Therapy.   Their clinicians offer flexible availability for family therapy at both their Prospec"
gemini,gemini-2.5-flash-lite,Who offers in-home therapy or community-based mental health support in Louisville?,0.0358726,0.0352726,122,651,0,0,13,vertexaisearch.cloud.google.com,"There are several providers in Louisville, KY, offering in-home therapy and community-based mental health support.  **For In-Home Therapy:**  *   **StepStone Family & Youth Services** offers an Intensive In-Home Treatment Program for children and adolescents aged 5-18. Their services are provided in the youth's home and community setting and are reimbursed by Medicaid. *   **Haven Family Counseling** provides intensive in-home therapy and case management for children, adolescents, adults, and families. They also offer telehealth options. *   **Norton Home Health** provides a range of in-home health care services, including support for recovery and managing chronic conditions. They offer an o"
chat_gpt,gpt-5.4-nano-2026-03-17,"Who are the best mental health counseling providers in Louisville, KY?",0.0234791,0.0228791,9008,862,0,0,11,renewcounselingservices.org | northstarcounselingcenter.com | kilgorecounseling.org | apricuscounseling.org | havenpointcounseling.com | mindivetherapy.com | eastloupsychgroup.com | themortoncenter.org | simscounseling.org | revolutionincounseling.com | namilouisville.org,"“Best” mental health counseling providers in Louisville really depends on what you need (age group, insurance, therapy style like EMDR/CBT, trauma vs couples vs medication management, etc.). Here are several well-regarded **local counseling practices and centers** in Louisville you can start with:  ### Louisville counseling practices (outpatient therapy) - **Renew Counseling Services (Louisville)** – large trauma-focused practice; states it’s EMDR-trained and a group with many clinicians. ([renewcounselingservices.org](https://www.renewcounselingservices.org/?utm_source=openai))   - **Northstar Counseling Center (Louisville)** – therapy for individuals/couples/children & families. ([northsta"
perplexity,sonar,Who offers in-home therapy or community-based mental health support in Louisville?,0.006116,0.005516,39,477,0,0,9,aprilaba.com | lifestance.com | boysandgirlshaven.org | baptisthealth.com | theomnifamily.com | mandalalouisville.com | holsmanpt.com | stepstoneyouth.com | yelp.com,"In Louisville, **April ABA Therapy**, **LifeStance Health**, **Haven Family Counseling (Boys & Girls Haven)**, and **OMNI Louisville** offer in-home therapy or community-based mental health support for individuals and families.  ### Key Providers of In-Home & Community-Based Mental Health Support  | Provider | Services Offered | Target Population | Notes | |----------|------------------|-------------------|-------| | **April ABA Therapy** [1] | In-home ABA therapy (Autism-focused behavior treatment) | Children with autism, whole family | Family-focused, evidence-based, at-home care | | **LifeStance Health** [2] | In-person and telehealth therapy (CBT, DBT, etc.) | Adults, children, adolescen"
claude,claude-sonnet-4-6,"What is community-based mental health care, and who provides it in Louisville?",0.179086,0.178486,48852,1462,0,0,8,sciencedirect.com | who.int | julota.com | healthworkscollective.com,"Let me search for the Louisville-specific providers now. I'll share what I found on the definition and then search for local Louisville providers. I'll provide the definition now and search for local providers in the next turn. I apologize — I've hit my search limit for this turn. Let me share what I found and supplement with what I know about Louisville providers.  ---  ## What Is Community-Based Mental Health Care?   Community mental health is defined as a system of care that promotes mental health by addressing the needs of a local population through accessible and acceptable services, emphasizing **evidence-based and recovery-oriented practices within community settings** rather than ins"
claude,claude-sonnet-4-6,What are good therapy options in Louisville for anxiety and depression?,0.08296,0.08236,18470,1130,0,0,15,kycards.com | louisvillegracepsychological.com | kentuckymentalhealth.com | louisvillehealthandhealing.com | kentuckycounselingcenter.com,"Great news — there are several strong therapy options in Louisville for anxiety and depression, ranging from specialized clinics to large counseling networks. Here's a breakdown:  ---  ## 🧠 Therapy Options in Louisville, KY for Anxiety & Depression  ---  ### 1. 🏆 **KY CARDS (Kentucky Center for Anxiety and Related Disorders)** 🌐 [kycards.com](https://kycards.com)   KY CARDS provides specialized treatment for anxiety, OCD, and related disorders.   Their clinicians use Cognitive Behavioral Therapy (CBT) and Exposure Therapy — proven, structured approaches that help you retrain anxious thoughts and behaviors.   Therapy is focused, time-limited, and results-driven — most clients complete treatme"
perplexity,sonar,"Who are the best mental health counseling providers in Louisville, KY?",0.006221,0.005621,38,583,0,0,10,louisvillegracepsychological.com | northstarcounselingcenter.com | bestlifelouisville.com | psychologytoday.com | kentuckycounselingcenter.com | bridgemindbody.com | reddit.com | louisvillebehavioral.com | nortonhealthcare.com | yelp.com,"The best mental health counseling providers in Louisville, KY include **Grace Psychological Services**, **Northstar Counseling Center**, **Best Life Mental Health Services**, **Kentucky Counseling Center**, and **Bridge Counseling & Wellness**, with many residents also recommending **Norton Behavioral Medicine** for telehealth options.  ### Top Local Providers by Specialty and Accessibility  | Provider | Key Strengths | Location/Notes | |----------|---------------|----------------| | **Grace Psychological Services** [1] | Comprehensive care for adults, children, teens, couples; specializes in anxiety, trauma, relationships, ADHD, autism, learning disabilities | Louisville, KY | | **Northstar"
gemini,gemini-2.5-flash-lite,"Which Louisville providers help teens with anxiety, depression, or trauma?",0.0358161,0.0352161,137,506,0,0,11,vertexaisearch.cloud.google.com,"Several Louisville providers offer specialized care for teens dealing with anxiety, depression, or trauma. Here are some options:  *   **Grace Psychological Services:** This practice offers in-person and online therapy for adolescents aged 13-17, focusing on anxiety, depression, and trauma. They utilize evidence-based methods like Cognitive Behavioral Therapy (CBT), Dialectical Behavior Therapy (DBT), and Trauma-Focused Cognitive Behavioral Therapy (TF-CBT). *   **The Morton Center:** Serving teens aged 12-17, The Morton Center provides services for substance use and co-occurring mental health concerns like anxiety, depression, and trauma. They offer individual and family therapy, as well as"
gemini,gemini-2.5-flash-lite,Compare local outpatient mental health providers in Louisville.,0.0359429,0.0353429,109,830,0,0,11,vertexaisearch.cloud.google.com,"Here's a comparison of some local outpatient mental health providers in Louisville, KY:  **Comprehensive Services & Large Organizations:**  *   **Seven Counties Services:** This is a large organization that, along with Lifespring Health Systems, Maryhurst, Wellspring/SFK, and Bridgehaven Mental Health Services, generates a significant portion of the revenue for mental health centers in Louisville. They are noted for employing many individuals in the mental health field. *   **Lifespring Health Systems:** Another major provider in Louisville, contributing to the large revenue and employment within the local mental health sector. *   **Wellspring:** Their Outpatient Services Program assists cl"
chat_gpt,gpt-5.4-nano-2026-03-17,"Recommend non-hospital mental health counseling options in Louisville, KY.",0.0133531,0.0127531,8853,786,0,0,8,northstarcounselingcenter.com | kilgorecounseling.org | thecouchimmediatementalhealthcare.com | solacelifechange.com | uoflhealth.org | rehabs.org | creativespiritsonline.com | namilouisville.org,"Here are some **non-hospital** mental health counseling options in **Louisville, KY**, including outpatient clinics and **free/low-cost support**.  ## Outpatient counseling clinics (therapy without overnight hospitalization) 1. **Northstar Counseling Center (Louisville)**    - Counseling for individuals, couples, children, and families. ([northstarcounselingcenter.com](https://northstarcounselingcenter.com/?utm_source=openai))  2. **Kilgore Samaritan Counseling Center**    - Community-based counseling center serving Louisville/Kentucky. ([kilgorecounseling.org](https://kilgorecounseling.org/services/?utm_source=openai))  3. **The Couch (Immediate mental healthcare)**    - Walk-in/rapid-acces"
gemini,gemini-2.5-flash-lite,Which Louisville mental health websites have useful service and referral information?,0.0358778,0.0352778,110,667,1,0,11,vertexaisearch.cloud.google.com,"Here are some Louisville mental health websites that offer useful service and referral information:  *   **Seven Counties Services:** This organization provides 24/7 crisis lines for both adults and children. They also offer community-based treatment and support services for individuals with behavioral health needs, including mental health disorders, substance use disorders, and developmental disabilities. They are committed to working with community partners and offer a referral form on their website. *   **NAMI Louisville:** The National Alliance on Mental Illness (NAMI) offers free assistance with mental health issues. You can call their crisis line or text ""NAMI"" to 741741. Their website"
gemini,gemini-2.5-flash-lite,What should I ask before choosing a therapist in Louisville?,0.0358373,0.0352373,129,561,0,0,20,vertexaisearch.cloud.google.com,"When choosing a therapist in Louisville, it's important to ask questions that will help you find a good fit for your needs. Here are some key areas to consider and questions to ask:  **Therapist's Experience and Approach:**  *   **What is your experience with [your specific concern, e.g., anxiety, depression, trauma]?** Inquiring about their specialization can help you find someone with relevant expertise. *   **What type of therapy do you practice?** Louisville therapists utilize various techniques such as Cognitive Behavioral Therapy (CBT), Dialectical Behavior Therapy (DBT), and EMDR. Understanding their approach can help you see if it aligns with what you're looking for. *   **How do you"
perplexity,sonar,Compare local outpatient mental health providers in Louisville.,0.006286,0.005686,34,652,0,0,8,baptisthealth.com | lifestance.com | kentuckycounselingcenter.com | uoflhealth.org | sevencounties.org | thebrookhospitals.com | louisvillebehavioral.com | nortonhealthcare.com,"The top local outpatient mental health providers in Louisville include **LifeStance Health**, **Kentucky Counseling Center**, **Seven Counties Services**, **Baptist Health Louisville**, and **UofL Health**, each offering distinct outpatient levels of care.  ### Key Provider Comparison  | Provider | Outpatient Services Offered | Location | Telehealth | Contact | | :--- | :--- | :--- | :--- | :--- | | **LifeStance Health** | Therapy & Psychiatry (In-person & Telehealth) | 100 Executive Park, Suite 103, Louisville, KY 40207 [2] | Yes [2] | 502-313-6880 [2] | | **Kentucky Counseling Center** | Counseling, Psychiatry, Case Management (In-person & Telehealth) | 1169 Eastern Pkwy #3328, Highlands, "
chat_gpt,gpt-5.4-nano-2026-03-17,What should I ask before choosing a therapist in Louisville?,0.00277515,0.00217515,4482,1023,0,0,0,,"Here are strong, practical questions to ask **before** choosing a therapist in **Louisville**—grouped so you can quickly compare options and avoid surprises.  ## 1) Fit & approach - **“What type of therapy do you practice (e.g., CBT, DBT, ACT, EMDR, psychodynamic)?”** - **“How do you typically structure sessions—what does a first few sessions usually look like?”** - **“How do you tailor treatment to someone like me / my goals?”** - **“Do you use evidence-based approaches for my specific concerns?”** (You can name: anxiety, trauma/PTSD, OCD, depression, couples issues, ADHD, etc.) - **“What’s your approach to homework or skills practice (if any)?”**  ## 2) Experience with your specific needs "
claude,claude-sonnet-4-6,Who offers in-home therapy or community-based mental health support in Louisville?,0.076687,0.076087,16349,1136,1,1,12,louisvilleky.gov | boysandgirlshaven.org | cultivatebhe.com | louisvillementalhealth.org | kentuckycounselingcenter.com,"Here's a comprehensive guide to providers offering **in-home therapy and community-based mental health support** in Louisville, KY:  ---  ## 🏠 In-Home & Community-Based Mental Health Support in Louisville, KY  ---  ### 1. 🏥 Seven Counties Services **📞 502-589-4313 | [louisvilleky.gov](https://louisvilleky.gov/government/health-wellness/community-mental-health-services)**   Seven Counties Services operates a Crisis and Information Center Hotline as well as a **Mobile Crisis Services Team (All Ages)** reachable at 502-589-4313.  This is one of Louisville's primary public behavioral health safety nets, offering community-based crisis intervention.  ---  ### 2. 👨‍👩‍👧 Boys & Girls Haven – Haven F"
claude,claude-sonnet-4-6,"Which Louisville providers help teens with anxiety, depression, or trauma?",0.081769,0.081169,18028,1139,0,0,13,louisvillegracepsychological.com | counselingunconditionally.com | newhopecounselingsite.com | cultivatebhe.com | kentuckymentalhealth.com,"Here is a roundup of Louisville-area providers who specialize in helping teens with **anxiety, depression, and trauma**:  ---  ## 🧠 Louisville Teen Mental Health Providers  ---  ### 1. 🏅 Grace Psychological Services **Website:** [louisvillegracepsychological.com](https://louisvillegracepsychological.com/teen-therapy-louisville/)   Their Louisville teen therapists specialize in therapy for adolescents aged 13–17, using Trauma-Focused Cognitive Behavioral Therapy (TF-CBT).   They deliver CBT, DBT, and family therapy in-person or online, ensuring accessibility for families in the Louisville area and beyond.   They are a veteran-owned practice and offer flexible, HIPAA-compliant teletherapy via "
chat_gpt,gpt-5.4-nano-2026-03-17,What are good therapy options in Louisville for anxiety and depression?,0.02352165,0.02292165,8852,921,0,0,8,wellspringky.org | sevencounties.org | student.louisville.edu | info.peacefulsc.com | barbaramotley.com | louisville.edu | smitherpsychiatry.com | lifesjourneyky.com,"Here are some **good therapy options in Louisville** to consider for **anxiety and depression**, including places that offer **counseling, crisis/urgent support, and (when needed) medication management**.  ## 1) Community mental health / crisis stabilization (good if symptoms feel unmanageable) - **Wellspring – Crisis Stabilization (24/7)**: Focuses on helping people stabilize during acute mental health symptoms (including severe depression). ([wellspringky.org](https://wellspringky.org/what-we-do/crisis-stabilization/?utm_source=openai))   - **Seven Counties Services – Jefferson County (CCBHC site; supports people regardless of insurance/residence)**: Their Child & Family West office notes "
